url,name,price_idr,sold_count,rating,brand,cpu,cpu_full,ram_gb,storage_raw,ssd_gb,storage_type,nvme,screen_inch,resolution,display_type,touchscreen,gpu,gpu_type,os,battery_hours,condition,error
https://www.tokopedia.com/specialistlaptop/buat-ram-tambahan-4gb-ddr3,Buat Ram Tambahan 4GB DDR3,100000,40,4.8,,,,4,,,,No,,,,No,,Integrated,,,Used,
https://www.tokopedia.com/specialistlaptop/charger-adaptor-lenoco-type-c-65watt,Charger adaptor lenoco type c 65watt,200000,30,5,,,,,,,,No,,,,No,,Integrated,,,Used,
https://www.tokopedia.com/specialistlaptop/computer-dekstop-brand-hp-pro-8200-corei5-2400-4gb-250gb-murah-1,Computer Dekstop Brand Hp Pro 8200 / Corei5 2400 / 4GB / 250GB / Murah,1750000,16,4.5,Hp,,,4,,,,No,,,,No,,Integrated,,,Used,
https://www.tokopedia.com/specialistlaptop/cuci-gudang-dell-latitude-e5420-corei5-4gb-murah-berkualitas,Cuci Gudang DELL LATITUDE e5420 / Corei5 / 4GB / Murah & Berkualitas,3350000,4,4.5,Dell,,,4,,,,No,,HD,,No,,Integrated,,1,Used,
https://www.tokopedia.com/specialistlaptop/cuci-gudang-laptop-bekas-lenovo-x240-core-i5-4300u-8gb-ssd-240gb-murah-ssd-128gb-4-gb,"Cuci Gudang Laptop Bekas Lenovo x240 Core i5 4300u 8GB SSD 240GB Murah - SSD 128GB, 4 gb",2850000,100,4.9,Lenovo,,,8,,,SSD,No,,HD,,No,,Integrated,,2,Used,
https://www.tokopedia.com/specialistlaptop/cuci-gudang-laptop-bekas-toshiba-r30-corei5-4210m-4gb-500gb-win-8-slim-hdd-320gb,Cuci Gudang Laptop Bekas Toshiba R30 Corei5 4210M 4GB 500GB Win 8 Slim - HDD 320GB,1699000,50,4.6,Toshiba,,,4,,,SSD,No,13.3,HD,,No,,Integrated,,2,Used,
https://www.tokopedia.com/specialistlaptop/cuci-gudang-laptop-dell-d630-core2duo-2gb-160gb-murah-garansi,Cuci Gudang Laptop Dell D630 Core2Duo - 2GB - 160GB - Murah Garansi,1499000,1,,Dell,,,2,,,,No,,,,No,,Integrated,,1,Used,
https://www.tokopedia.com/specialistlaptop/cuci-gudang-laptop-dell-e6330-core-i7-3520m-4gb-320gb-dvd-win7-murah,Cuci Gudang Laptop Dell E6330 Core i7 3520M 4GB 320GB DVD Win7 Murah,3650000,17,4.8,Dell,i7 3520M,intel Core i7 3520M 2.90 GHz RAM 4GB DDR3 Harddisk 32,4,,,,No,13.3,HD,,No,,Integrated,,2,Used,
https://www.tokopedia.com/specialistlaptop/cuci-gudang-paket-komputer-bekas-branded-hp-core2duo-lcd-17-in-hp,Cuci Gudang Paket Komputer Bekas Branded Hp / Core2Duo / Lcd 17 in Hp,1750000,11,5,Hp,,,2,,,,No,,,,No,,Integrated,,,Used,
https://www.tokopedia.com/specialistlaptop/cuci-gudang-paket-komputer-bekas-branded-hp-corei5-2400-lcd-17-hp,"Cuci Gudang Paket Komputer Bekas Branded Hp / Corei5 2400/ LCD 17"" Hp",2500000,3,4.3,Hp,,,4,,,,No,,HD,,No,,Integrated,,,Used,
https://www.tokopedia.com/specialistlaptop/cuci-gudang-paket-komputer-bekas-branded-hp-corei5-lcd-17-hp-1,"Cuci Gudang Paket Komputer Bekas Branded Hp / Corei5 / LCD 17"" Hp",2499000,90,4.7,Hp,,,4,,,,No,,HD,,No,,Integrated,,,Used,
https://www.tokopedia.com/specialistlaptop/cuci-gudang-pc-dekstop-hp-pro-8200-corei5-sandy-bridge-4gb-murah-lcd-keymouse,Cuci Gudang Pc Dekstop Hp Pro 8200 / Corei5 Sandy Bridge / 4GB / Murah - + LCD +Keymouse,2600000,24,4.7,Hp,,,4,,,,No,,,,No,,Integrated,,,Used,
https://www.tokopedia.com/specialistlaptop/dell-latitude-e5450-core-i5-16gb-ssd-256-win-10,Dell Latitude E5450 Core i5 - 16GB - SSD 256 - Win 10,4250000,11,5,Dell,,,16,SSD 256 GB “ Fast Boot “ VGA INTEL HD 55,256,SSD,No,14,HD,,No,,Integrated,,2,Used,
https://www.tokopedia.com/specialistlaptop/dell-latitude-e7240-core-i5-gen4-8gb-ssd-128-murah-slim-ringan-ssd-128gb,Dell Latitude E7240 Core i5 Gen4 - 8GB - SSD 128 - Murah Slim Ringan - SSD 128GB,3600000,11,4.6,Dell,i5 4310u,Intel Core i5 4310u 2.0 GHz RAM 8GB DDR3 SSD Msata 12,8,,,SSD,No,12.5,HD,,No,,Integrated,,2,Used,
https://www.tokopedia.com/specialistlaptop/hp-zbook-firefly-g8-i7-gen11-14-fhd-workstation-ram-16gb-ssd-512gb-vga-iris-xe-laptop-design-autocad-touchscreen-1734437248555058622,HP ZBook Firefly G8 i7 Gen11 14” FHD Workstation | RAM 16GB SSD 512GB | VGA Iris Xe | Laptop Design AutoCAD | Touchscreen - SSD 256GB,6900000,3,5,Hp,i7 generasi 11,intel core i7 generasi 11,16,,512,SSD,Yes,14,Full HD,IPS,Yes,,Integrated,Windows 11 Pro,2,Used,
https://www.tokopedia.com/specialistlaptop/jual-laptop-bekas-lenovo-thinkpad-x230-corei5-3320m-4gb-320gb-murah,Jual Laptop Bekas Lenovo Thinkpad X230 Corei5 3320M 4GB 320GB Murah,2499000,250,4.6,Lenovo,i5 3320M,Intel Core i5 3320M 2.6 GHz RAM 4GB Harddisk 320GB WE,4,,,,No,12.5,HD,,No,,Integrated,,2,Used,
https://www.tokopedia.com/specialistlaptop/jual-pc-branded-hp-6000-sff-stock-terbatas-promo-murah,JUAL PC BRANDED Hp 6000 SFF ( STOCK TERBATAS ) PROMO MURAH,990000,,,Hp,,,2,,,,No,,,,No,,Integrated,,,Used,
https://www.tokopedia.com/specialistlaptop/jual-pc-dekstop-lenovo-thinkcentre-m90p-corei5-4gb-murah-mulus,Jual Pc Dekstop Lenovo Thinkcentre M90P - Corei5 - 4GB - Murah - Mulus,2750000,19,4.8,Lenovo,,,4,,,,No,,,,No,,Integrated,,,Used,
https://www.tokopedia.com/specialistlaptop/laptop-2-in-1-dell-latitude-5300-core-i7-8th-gen-ram-16gb-ssd-512-ips-intel-core-i5-ram-8gb-ssd-256-770db,"Laptop 2 in 1 Dell Latitude 5300 Core i7 8th Gen RAM 16GB SSD 512 IPS - Intel Core i5, RAM 8GB SSD 256",3650000,27,5,Dell,,intel core i7 ( sudah habis ) tinggal core i5 Laptop,8,SSD NVME 256GB / 512GB VGA intel uhd graphic,256,SSD,Yes,13.3,1920x1080,IPS,Yes,,Integrated,Windows 10 Pro,,Used,
https://www.tokopedia.com/specialistlaptop/laptop-2-in-1-dell-latitude-7390-core-i5-gen-8-ram-8gb-ssd-512-murah-ssd-256gb-536ee,Laptop 2 in 1 Dell Latitude 7390 Core i5 Gen 8 RAM 8GB SSD 512 Murah - SSD 256GB,3750000,2,5,Dell,i5 8350u,Intel Core i5 8350u 1.70 GHz - 3.20 GHz Quad-Core OPE,8,256GB SSD / SDD 512GB,512,SSD,No,,1920 x 1080,IPS,Yes,,Integrated,,,Used,
https://www.tokopedia.com/specialistlaptop/laptop-2-in-1-hp-probook-x360-435-g7-amd-ryzen-7-pro-4750u-ram-16gb-ssd-256-vga-amd-radeon-touchscreen-full-hd-ips-1734069881516885438,Laptop 2 in 1 Hp Probook X360 435 G7 AMD Ryzen 7 Pro 4750u RAM 16GB SSD 256 VGA AMD Radeon Touchscreen Full HD IPS - RAM 16/256,5499000,24,5,Hp,AMD Ryzen 7 PRO 4750u,AMD Ryzen 7 PRO 4750u Radeon VGA Mobile Gfx ( 16,16,SSD 256GB ● VGA Graphics : AMD Radeon (,256,SSD,No,13.3,1920x1080,IPS,Yes,,Integrated,Windows 11 Professional 64bit,,Used,
https://www.tokopedia.com/specialistlaptop/laptop-2-in-1-lenovo-thinkpad-x1-yoga-4th-core-i7-8th-gen-ram-16gb-ssd-x1-yoga-4th-i5-ram-16-ssd-256-d4a03,"Laptop 2 in 1 Lenovo Thinkpad X1 Yoga 4TH Core i7 8th Gen RAM 16GB SSD - X1 Yoga 4th i5, RAM 16 SSD 256",5450000,250,4.9,Lenovo,,Intel Core i5 Dan i7 Gen 8 NOTE : Core i5 Dan Core i7,16,SSD 256GB - 512GB - 1 TB ( Varian Harga,256,SSD,No,14,FHD,IPS,Yes,,Integrated,Windows 11 Pro,2,Used,
https://www.tokopedia.com/specialistlaptop/laptop-2-in-1-lenovo-thinkpad-x230t-core-i5-ram-8gb-touch-pen-stylus-4gb-hdd-320gb,Laptop 2 in 1 Lenovo Thinkpad X230T Core i5 RAM 8GB Touch + Pen Stylus - 4GB HDD 320GB,2899900,12,4.9,Lenovo,i5 3320M 2,Intel Core i5 3320M 2,4,,,SSD,No,12.5,1367x768,IPS,Yes,,Integrated,,,Used,
https://www.tokopedia.com/specialistlaptop/laptop-asus-pro-450c-intel-4gb-ssd-120gb-nvidia-1gb-murah-gan-ssd-128gb,Laptop Asus Pro 450C Intel - 4GB - SSD 120GB - Nvidia 1GB - Murah Gan - SSD 128GB,2899000,40,4.9,Asus,,,4,SSD 120GB “ Fast Booting “ VGA INTEL HD,120,SSD,No,14,HD,,No,,Dedicated,,,Used,
https://www.tokopedia.com/specialistlaptop/laptop-dell-inspiron-5468-core-i5-7200u-vga-amd-2gb-ssd-128-murah-8gb-ssd-128gb,Laptop Dell Inspiron 5468 Core i5 7200u - VGA AMD 2GB - SSD 128 Murah - 8GB SSD 128GB,4500000,13,5,Dell,i5 7200u,Intel Core i5 7200u 2.50 GHz Up To 2.70 GHz RAM 8GB D,8,SSD 128 GB “ Fast Booting “ WEBCAM VGA i,128,SSD,No,14,HD,,No,,Dedicated,,2,Used,
https://www.tokopedia.com/specialistlaptop/laptop-dell-latitude-5290-2-in-1-core-i5-gen-8-ram-8gb-ssd-256-fhd-ips-ssd-256gb-80777,Laptop Dell Latitude 5290 2 in 1 Core i5 Gen 8 RAM 8GB SSD 256 FHD IPS - SSD 256GB,3799000,19,5,Dell,i5-8265u,Intel Core i5-8265u 1.60GHz ~ turbo boost up to @2.00,8,SSD 256 GB FULL HD BACKLITE Touchscreen,256,SSD,No,5,1920x1080,,Yes,,Integrated,Windows 10 Pro,2,Used,
https://www.tokopedia.com/specialistlaptop/laptop-dell-latitude-5420-core-i5-gen-11-ram-16gb-ssd-512-fhd-ips-slim-ssd-256gb-c4468,Laptop Dell Latitude 5420 Core i5 Gen 11 RAM 16GB SSD 512 FHD IPS Slim - SSD 256GB,5599000,60,5,Dell,i5 1145G7,Intel Core i5 1145G7 2.60 GHz -Memory DDR4 16GB -SSD,16,SSD NVME 256-512GB  ( FAST BOOTING ) -Layar 14 i,,SSD,Yes,14,1920x1080,IPS,No,,Integrated,,2,Used,
https://www.tokopedia.com/specialistlaptop/laptop-dell-latitude-5420-core-i7-gen-11-ram-16gb-ssd-512-fhd-ips-slim-1730696859414923117,Laptop Dell Latitude 5420 Core i7 Gen 11 RAM 16GB SSD 512 FHD IPS Slim - 16 gb,6250000,80,5,Dell,i7 1185G7,Intel Core i7 1185G7 3.0 GHz ( 8 CPus ) -Memory DDR4,16,SSD NVME 512GB  ( FAST BOOTING ) -Layar 14 i,512,SSD,Yes,14,1920x1080,IPS,No,,Integrated,,2,Used,
https://www.tokopedia.com/specialistlaptop/laptop-dell-latitude-5480-core-i5-7th-gen-ssd-256-ram-8gb-fhd-ips-slim-ssd-256gb,Laptop Dell Latitude 5480 Core i5 7th Gen SSD 256 RAM 8GB FHD IPS Slim - SSD 256GB,3699000,70,4.9,Dell,,,8,SSD 256 GB“ Fast Boot “ VGA INTEL HD 520,256,SSD,No,14,1367x768,,No,,Integrated,,2,Used,
https://www.tokopedia.com/specialistlaptop/laptop-dell-latitude-5490-core-i5-8th-gen-ram-16gb-ssd-256-fhd-ips-slim-murah,Laptop Dell Latitude 5490 Core i5 8th Gen RAM 16GB SSD 256 FHD IPS Slim Murah,3799000,1,,Dell,,,16,SSD 256 GB“ Fast Boot “ VGA INTEL HD 520,256,SSD,No,14,1920x1080,,No,,Integrated,,2,Used,
https://www.tokopedia.com/specialistlaptop/laptop-dell-latitude-7280-core-i5-7200u-8gb-ssd-256-win-10-murah-slim-ssd-128gb-8-gb,"Laptop Dell Latitude 7280 Core i5 7200u 8GB SSD 256 Win 10 Murah Slim - SSD 128GB, 8 gb",3199000,60,4.8,Dell,i5 7200u,Intel Core i5 7200u 2.5 GHz RAM 8GB DDR4L SSD 256GB “,8,SSD 256GB “ Fast Boot “ VGA INTEL HD 62,256,SSD,No,12.5,HD,,No,,Integrated,,2,Used,
https://www.tokopedia.com/specialistlaptop/laptop-dell-latitude-7280-core-i7-gen-7-ram-8gb-ssd-512gb-garansi-murah-windows-11-1733544896934086078,Laptop Dell Latitude 7280 Core i7 Gen 7 RAM 8GB SSD 512GB Garansi Murah Windows 11,4500000,,,Dell,i7 7600u,Intel Core i7 7600u 2.5 GHz RAM 8GB DDR4L SSD 512 “ F,8,,,SSD,No,12.5,HD,,No,,Integrated,,2,Used,
https://www.tokopedia.com/specialistlaptop/laptop-dell-latitude-7300-core-i7-gen-8-ram-32gb-ssd-touchscreen-ips-nvme-256gb-16-gb-b6f91,"Laptop Dell Latitude 7300 Core i7 Gen 8 RAM 32GB SSD Touchscreen IPS - NVME 256GB, 16 gb",6499000,70,5,Dell,i7 10610,Intel Core i7 10610 1.80 GHz up to 2.11 GHz -Memory D,16,,,SSD,Yes,14,1920x1080,IPS,Yes,,Integrated,,2,Used,
https://www.tokopedia.com/specialistlaptop/laptop-dell-latitude-7320-core-i7-gen-11-ram-16gb-ssd-512-fhd-ips-slim-1733181202553669054,"Laptop Dell Latitude 7320 Core i7 Gen 11 RAM 16GB SSD 512 FHD IPS Slim - SSD NVME 256GB, RAM 32GB",5850000,100,4.9,Dell,i7 1185G7,Intel Core i7 1185G7 3.0 GHz ( 8 CPus ) -Memory DDR4,16,SSD NVME 256GB - 512GB  ( FAST BOOTING ) -La,256,SSD,Yes,13.3,1920x1080,IPS,No,,Integrated,,2,Used,
https://www.tokopedia.com/specialistlaptop/laptop-dell-latitude-7390-core-i5-gen-8-ram-16gb-ssd-256-fhd-ips-murah-ssd-128gb-8-gb,"Laptop Dell Latitude 7390 Core i5 Gen 8 RAM 16GB SSD 256 FHD IPS Murah - SSD 128GB, 8 gb",3799000,80,5,Dell,i5 8350U,Intel Core i5 8350U 1.6 GHz - 3.4 GHz Quad-Core OPERA,16,256GB SSD / SDD 512GB,256,SSD,No,,1920 x 1080,IPS,No,,Integrated,WINDOWS 10,,Used,
https://www.tokopedia.com/specialistlaptop/laptop-dell-latitude-7390-core-i7-gen-8-ram-16gb-ssd-512-ips-win10-ori-nvme-256gb-8-gb,"Laptop Dell Latitude 7390 Core i7 Gen 8 RAM 16GB SSD 512 IPS Win10 Ori - NVME 256GB, 8 gb",4799000,50,4.8,Dell,i7 8650u,Intel Core i7 8650u 1.90 GHz - 3.60 GHz Quad-Core OPE,16,256GB SSD / SDD 512GB,512,SSD,No,,1920 x 1080,IPS,No,,Integrated,,,Used,
https://www.tokopedia.com/specialistlaptop/laptop-dell-latitude-7430-i7-gen-12-ram-32gb-touchscreen-ultrabook-tipis-ringan-1732608221549135294,Laptop Dell Latitude 7430 i7 Gen 12 RAM 32GB Touchscreen | Ultrabook Tipis Ringan - SSD 256GB,7799000,30,5,Dell,i7-1265U,Intel Core i7-1265U  1.8 GHz ( 12 CPus ) -Memory RAM,32,SSD NVME 256GB - 512GB ( FAST BOOTING ) -Lay,256,SSD,Yes,14,1920x1080,IPS,Yes,,Integrated,,2,Used,
https://www.tokopedia.com/specialistlaptop/laptop-dell-latitude-7480-core-i5-7th-8gb-256gb-ssd-touchscreen-fullhd,Laptop Dell Latitude 7480 Core i5 7th 8GB 256GB SSD Touchscreen FullHD,6499000,6,5,Dell,,,8,SSD 256 GB  “ Fast Boot “ VGA INTEL HD 5,256,SSD,No,14,1920x1080,IPS,Yes,,Integrated,,2,Used,
https://www.tokopedia.com/specialistlaptop/laptop-dell-latitude-7490-core-i5-ram-16gb-ssd-512gb-win-10-original-ssd-256gb-bb88c,Laptop Dell Latitude 7490 Core i5 RAM 16GB SSD 512GB Win 10 Original - SSD 256GB,3999000,40,5,Dell,Intel Core i5 - 8365u,Intel Core i5 - 8365u (Quad Core,16,SSD 256GB Win 10 Pro “Original” !! [RiN,256,SSD,Yes,14,,,No,,Integrated,Windows 10 Pro,,Used,
https://www.tokopedia.com/specialistlaptop/laptop-dell-latitude-7490-core-i7-8650u-ram-8gb-ssd-256-fhd-win-10-ori-ssd-256gb-8-gb-bba84,"Laptop Dell Latitude 7490 Core i7 8650u RAM 8GB SSD 256 FHD Win 10 Ori - SSD 256GB, 8 gb",4599000,70,5,Dell,Intel Core i7-8650U,Intel Core i7-8650U (Quad Core,8,SSD 256GB Win 10 Pro “Original” !! [RiN,256,SSD,Yes,14,1920 x 1080,IPS,No,,Integrated,Windows 10 Pro,,Used,
https://www.tokopedia.com/specialistlaptop/laptop-dell-latitude-e5440-corei5-4300u-4gb-mulus-normal-murah-ram-8gb-hdd-500,Laptop Dell Latitude e5440 - Corei5 4300u - 4GB - Mulus Normal Murah - RAM 8GB HDD 500,3299000,8,5,Dell,i5 4300u,Intel Core i5 4300u 1.90GHz RAM 4GB DDR3 Harddisk 500,4,,,,No,,HD,,No,,Integrated,,,Used,
https://www.tokopedia.com/specialistlaptop/laptop-dell-latitude-e5450-core-i7-5600u-ram-8gb-ssd256-nvidia-2gb-fhd,Laptop Dell Latitude E5450 Core i7 5600u RAM 8GB SSD256 Nvidia 2GB FHD,6000000,29,4.9,Dell,,,8,SSD 256 GB “ Fast Boot “ VGA INTEL HD 55,256,SSD,No,14,1920x1080,IPS,No,,Dedicated,,2,Used,
https://www.tokopedia.com/specialistlaptop/laptop-dell-latitude-e5470-core-i5-ram-8gb-ssd-256-touchscreen-full-hd-tidak-touch,Laptop Dell Latitude E5470 Core i5 RAM 8GB SSD 256 Touchscreen Full HD - Tidak Touch,3999900,7,5,Dell,,,8,SSD 256GB“ Fast Boot “ VGA INTEL HD 520,256,SSD,No,14,1920x1080,IPS,Yes,,Integrated,,2,Used,
https://www.tokopedia.com/specialistlaptop/laptop-dell-latitude-e5470-core-i7-6820hq-ram-16gb-ssd-256-full-hd-ips-ram-16gb-ssd256,Laptop Dell Latitude E5470 Core i7 6820HQ RAM 16GB SSD 256 Full HD IPS - RAM 16GB SSD256,6299000,50,5,Dell,i7 6820HQ,Intel Core i7 6820HQ 2.7GHz ( 8 CPU ) RAM 16GB DDR4 S,16,SSD 256GB“ Fast Boot “ VGA INTEL HD 520,256,SSD,No,14,1920x1080,IPS,No,,Integrated,,2,Used,
https://www.tokopedia.com/specialistlaptop/laptop-dell-latitude-e5570-corei7-6th-gen-ram-8gb-ssd-512-vga-2gb,Laptop Dell Latitude E5570 Corei7 6th Gen RaM 8GB SSD 512 VGA 2GB,7000000,2,5,Dell,i7 6600u,Intel Core i7 6600u 2.6 GHz RAM 8GB DDR4L SSD 512 “ f,8,,,SSD,No,15.6,1368x768,,No,,Dedicated,,,Used,
https://www.tokopedia.com/specialistlaptop/laptop-dell-latitude-e6420-core-i7-ram-4gb-hdd-320gb-dvd-win-10-murah,Laptop Dell Latitude E6420 Core i7 RAM 4GB HDD 320GB DVD Win 10 Murah,3400000,6,5,Dell,,,,,,,No,,,,No,,Integrated,,,Used,
https://www.tokopedia.com/specialistlaptop/laptop-dell-latitude-e6430-core-i7-ram-8gb-320gb-dvd-murah-mulus-ram-8gb-ssd-256,Laptop Dell Latitude E6430 Core i7 RAM 8GB 320GB DVD Murah Mulus - RAM 8GB SSD 256,3850000,60,4.9,Dell,i7 3540M,intel Core i7 3540M 3.0 GHz RAM 8GB DDR3 Harddisk 320,8,,,,No,,1600x900,,No,,Integrated,,2,Used,
https://www.tokopedia.com/specialistlaptop/laptop-dell-latitude-e6440-corei5-4300m-4gb-murah-mulus-good,Laptop Dell Latitude e6440 - Corei5 4300M - 4GB - Murah Mulus - GOOD,3400000,13,4.9,Dell,i5 4300M,Intel Core i5 4300M 2.6 GHz RAM 4GB DDR3 Harddisk 500,4,,,,No,,HD,,No,,Integrated,,,Used,
https://www.tokopedia.com/specialistlaptop/laptop-dell-latitude-e6540-core-i7-ram-8gb-ssd-240gb-vga-2gb-murah-8gb-ssd-240gb,Laptop Dell Latitude E6540 Core i7 RAM 8GB SSD 240GB VGA 2GB Murah - 8GB SSD 240GB,6499000,30,4.9,Dell,i7 4600M,Intel Core i7 4600M 2.7GHz GHz RAM 8GB DDR3L SSD 240G,8,SSD 240GB “ Fast Booting “ VGA intel 46,240,SSD,No,15.6,HD,,No,,Integrated,,,Used,
https://www.tokopedia.com/specialistlaptop/laptop-dell-latitude-e7240-core-i7-ssd-128gb-touchscreen-full-hd,Laptop Dell Latitude E7240 - Core i7 - SSD 128GB - Touchscreen Full HD,6000000,5,4.2,Dell,i7 4600u,Intel Core i7 4600u 2.10 GHz RAM 4GB DDR3 Harddisk SS,4,SSD 128GB WEBCAM VGA intel HD 4600 Touc,128,SSD,No,,1920x1080,,Yes,,Integrated,,,Used,
https://www.tokopedia.com/specialistlaptop/laptop-dell-latitude-e7250-corei7-5600-8gb-ssd-128-full-hd-touchscreen,Laptop Dell Latitude e7250 Corei7 5600 8GB SSD 128 Full HD Touchscreen,6499000,,,Dell,i7 5600u,Intel Core i7 5600u 2.6 GHz RAM 8GB DDR3 Harddisk SSD,8,SSD 128GB WEBCAM VGA intel HD 5600 Keyb,128,SSD,No,,1920x1080,,Yes,,Integrated,,,Used,
https://www.tokopedia.com/specialistlaptop/laptop-dell-latitude-e7250-touchscreen-full-hd-core-i5-5300u-8gb-murah,Laptop Dell Latitude e7250 TouchScreen Full HD Core i5 5300u 8GB Murah,4699000,14,4.5,Dell,i5 5300u,Intel Core i5 5300u 2.30 GHz RAM 8GB DDR3L SSD 256GB,8,SSD 256GB “ Fast Booting “ WEBCAM VGA i,256,SSD,No,5,1920x1080,,Yes,,Integrated,,2,Used,
https://www.tokopedia.com/specialistlaptop/laptop-dell-latitude-e7270-core-i5-6300-8gb-ssd-256-touch-full-hd-slim-ssd-256gb,Laptop Dell Latitude E7270 Core i5 6300 8GB SSD 256 Touch Full HD Slim - SSD 256GB,3499000,50,4.9,Dell,,,8,SSD 180GB / 256 GB/ 512GB “ Fast Boot “,180,SSD,No,12.5,1920x1080,IPS,Yes,,Integrated,,2,Used,
https://www.tokopedia.com/specialistlaptop/laptop-dell-latitude-e7270-core-i5-gen6-8gb-ssd-256-murah-slim-ssd-128gb-8-gb,"Laptop Dell Latitude E7270 - Core i5 Gen6 - 8GB - SSD 256 - Murah Slim - SSD 128GB, 8 gb",2799000,30,4.9,Dell,,,8,SSD 256 GB“ Fast Boot “ VGA INTEL HD 550,256,SSD,No,12.5,HD,,No,,Integrated,,2,Used,
https://www.tokopedia.com/specialistlaptop/laptop-dell-latitude-e7270-core-i7-gen-6-8gb-ssd-256-murah-slim,Laptop Dell Latitude E7270 Core i7 Gen 6 - 8GB - SSD 256 - Murah Slim,3599000,40,5,Dell,,,8,SSD 256 GB“ Fast Boot “ VGA INTEL HD 520,256,SSD,No,12.5,HD,,No,,Integrated,,2,Used,
https://www.tokopedia.com/specialistlaptop/laptop-dell-latitude-e7270-core-i7-gen6-8gb-ssd-256-ips-full-hd,Laptop Dell Latitude E7270 Core i7 Gen6 - 8GB - SSD 256 - IPS Full HD,5499000,19,4.6,Dell,,,8,SSD 256 GB“ Fast Boot “ VGA INTEL HD 520,256,SSD,No,12.5,1920x1080,IPS,No,,Integrated,,2,Used,
https://www.tokopedia.com/specialistlaptop/laptop-dell-latitude-e7450-core-i5-5300u-ram-8gb-ssd-256-ips-full-hd,Laptop Dell Latitude E7450 Core i5 5300u RAM 8GB SSD 256 IPS Full HD,3499000,22,4.9,Dell,i5 5300u,Intel Core i5 5300u 2.30 GHz RAM 8GB DDR3L SSD 256 “,8,,,SSD,No,14,1920x1080,IPS,No,,Integrated,,2,Used,
https://www.tokopedia.com/specialistlaptop/laptop-dell-latitude-e7450-core-i7-8gb-ssd-256-ips-full-hd-murah,Laptop Dell Latitude E7450 Core i7 - 8GB - SSD 256 - IPS FULL HD Murah,5400000,16,5,Dell,i7 5600u,Intel Core i7 5600u 2.60 GHz RAM 8GB DDR3 SSD 256 “ F,8,,,SSD,No,,1920x1080,IPS,No,,Integrated,,2,Used,
https://www.tokopedia.com/specialistlaptop/laptop-dell-latitude-e7470-core-i5-8gb-ssd-180-ips-full-hd-murah-1730754676493813613,Laptop Dell Latitude E7470 Core i5 - 8GB - SSD 180 - IPS FULL HD Murah - RAM 8/256,3099000,100,5,Dell,,,8,SSD 128GB / 256GB / 512GB ( Varian ) “,128,SSD,No,14,1920x1080,IPS,Yes,,Integrated,,2,Used,
https://www.tokopedia.com/specialistlaptop/laptop-dell-latitude-e7470-core-i7-6600u-ram-16gb-ssd-256-fhd-ips-ssd-128gb,Laptop Dell Latitude E7470 Core i7 6600u RAM 16GB SSD 256 FHD IPS - SSD 128GB,3750000,12,4.8,Dell,,,16,SSD 256 GB“ Fast Boot “ VGA INTEL HD 520,256,SSD,No,14,1920x1080,IPS,Yes,,Integrated,,2,Used,
https://www.tokopedia.com/specialistlaptop/laptop-dell-latitude-e7480-core-i5-8gb-256gb-ssd-ips-full-hd-murah-touch-ssd-128gb-8-gb,"Laptop Dell Latitude E7480 Core i5 8GB 256GB SSD IPS Full HD Murah - TOUCH SSD 128GB, 8 gb",3499000,40,4.9,Dell,,,8,SSD 128GB / 256GB / 512GB ( Varian ) “,128,SSD,No,14,1920x1080,IPS,Yes,,Integrated,,2,Used,
https://www.tokopedia.com/specialistlaptop/laptop-dell-murah-latitude-e5440-core-i5-gen4-8gb-ssd-240gb-win10,Laptop Dell Murah Latitude E5440 Core i5 Gen4 - 8GB - SSD 240GB Win10,3299000,14,5,Dell,i5 4300u,Intel Core i5 4300u 2.0 GHz RAM 8GB DDR3L SSD 240 “ F,8,,,SSD,No,14,1600x900,,No,,Integrated,,2,Used,
https://www.tokopedia.com/specialistlaptop/laptop-dell-murah-latitude-e6440-core-i7-gen4-8gb-ssd-128-win-10,Laptop Dell Murah Latitude E6440 Core i7 Gen4 - 8GB - SSD 128 - Win 10,4399000,28,4.9,Dell,i7 4610M,Intel Core i7 4610M 3.00 GHz RAM 8GB DDR3 SSD 128 GB,8,SSD 128 GB “ Fast Boot “ WEBCAM VGA inte,128,SSD,No,14,HD,,No,,Integrated,,2,Used,
https://www.tokopedia.com/specialistlaptop/laptop-dell-murah-latitude-e7240-core-i7-ssd-256-touchscreen-full-hd,Laptop Dell Murah Latitude E7240 Core i7 SSD 256 Touchscreen Full HD,5500000,2,5,Dell,i7 4600u,Intel Core i7 4600u 2.10 GHz RAM 8GB DDR3 SSD 256GB “,8,SSD 256GB “ Fast Boot “ WEBCAM VGA inte,256,SSD,No,12.5,1920x1080,IPS,Yes,,Integrated,,2,Used,
https://www.tokopedia.com/specialistlaptop/laptop-dell-murah-latitude-e7440-core-i7-gen4-8gb-ssd-256-win10,Laptop Dell Murah Latitude E7440 Core i7 Gen4 - 8GB - SSD 256 - Win10,4999000,30,4.7,Dell,i7 4600u,Intel Core i7 4600u 2.1 GHz RAM 8GB DDR3L SSD 256GB W,8,SSD 256GB WEBCAM VGA intel HD 4400 Keyb,256,SSD,No,14,1368x768,,No,,Integrated,,2,Used,
https://www.tokopedia.com/specialistlaptop/laptop-dell-precision-3470-core-i7-gen-12-ram-32-ssd-nvme-512-vga-nvidia-t550-4gb-touchscreen-fhd-ips-1735594444453086654-1735706391436101054,Laptop Dell Precision 3470 Core i7 Gen 12 RAM 32 SSD NVME 512 VGA Nvidia T550 4GB Touchscreen FHD IPS - RAM 16GB SSD 256GB,9499000,,,Dell,,,,SSD NVMe up to 1TB,,SSD,Yes,14,1920 x 1080,IPS,Yes,,Dedicated,Windows 11 Pro,64,Used,
https://www.tokopedia.com/specialistlaptop/laptop-dell-precision-5530-core-i7-8850h-ram-16gb-ssd-256-nvidia-4gb-ssd-nvme-256gb-8-gb,"Laptop Dell Precision 5530 Core i7 8850H RAM 16GB SSD 256 Nvidia 4GB - SSD NVME 256GB, 8 gb",8050000,40,4.9,Dell,i7 8850H,Intel Core i7 8850H 2.60 GHz ( 12 CPU ) Memory DDR4L,4,SSD 256GB - 1TB ( Varian ) Dual VGA : -,256,SSD,No,15,1920x1080,IPS,No,NVIDIA Quadro P1000 4GB DDR5 Dedicated 128Bit Interface Bluetooth WiFi HDMI,Dedicated,Windows 10 Original Pro 64 Bit Office 2021,,Used,
https://www.tokopedia.com/specialistlaptop/laptop-dell-precision-5530-core-i7-8th-gen-ram-16gb-nvidia-4gb-uhd-4k-ssd-nvme-256gb-8-gb-a8477,"Laptop Dell Precision 5530 Core i7 8th Gen RAM 16GB Nvidia 4GB UHD 4K - SSD NVME 256GB, 8 gb",8499000,12,5,Dell,i7 8850H,Intel Core i7 8850H 2.60 GHz ( 12 CPU ) Memory DDR4L,4,SSD NVME 256GB - 1TB ( Varian ) Dual VGA : -,256,SSD,Yes,15,3840x2160,IPS,Yes,,Dedicated,Windows 10 Original Pro 64 Bit,2,Used,
https://www.tokopedia.com/specialistlaptop/laptop-dell-precision-5540-core-i7-9850h-ram-32gb-nvidia-4gb-full-set,Laptop Dell Precision 5540 Core i7 9850H RAM 32GB Nvidia 4GB Full Set,10500000,22,4.7,Dell,i7 9850H,Intel Core i7 9850H 2.60 GHz ( 12 CPU ) Memory DDR4L,4,SSD 512GB ( Varian ) Dual VGA : -VGA In,512,SSD,No,15,1920x1080,IPS,No,NVIDIA Quadro T1000 4GB DDR5 Dedicated 128Bit Interface Bluetooth WiFi HDMI,Dedicated,Windows 10 Original Pro 64 Bit Office 2021,,Used,
https://www.tokopedia.com/specialistlaptop/laptop-dell-precision-5540-core-i9-9850h-ram-32gb-nvidia-4gb-t2000,Laptop Dell Precision 5540 Core i9 9850H RAM 32GB Nvidia 4GB T2000,14000000,9,5,Dell,i9 9880H,Intel Core i9 9880H 2.30GHz ( 16 CPUs ) Memory DDR4 3,32,SSD 512GB NVME Dual VGA : -VGA Intel HD,512,SSD,Yes,15,1920x1080,IPS,No,NVIDIA Quadro T2000 4GB DDR5 Dedicated 128Bit Interface Bluetooth WiFi HDMI,Dedicated,Windows 10 Original Pro 64 Bit Office 2021,,Used,
https://www.tokopedia.com/specialistlaptop/laptop-dell-precision-7510-intel-xeon-ram-16gb-nvidia-4gb-dual-drive-vga-amd-firepro,Laptop Dell Precision 7510 intel Xeon RAM 16GB Nvidia 4GB Dual Drive - VGA AMD FirePro,9499000,30,5,Dell,,,16,SSD 256GB “Fast Booting” + Harddisk 500,256,SSD,No,15.6,1920x1080,IPS,No,Nvidia Quadro Sudah Habis,Dedicated,,2,Used,
https://www.tokopedia.com/specialistlaptop/laptop-dell-precision-7710-core-i7-ram-32gb-ssd-256gb-vga-4gb-nvidia,Laptop Dell Precision 7710 Core i7 RAM 32GB SSD 256GB VGA 4GB Nvidia,12500000,,,Dell,i7 6820HQ,Intel Core i7 6820HQ 2.70 GHz ( 8 Core ) RAM 32GB DDR,32,SSD 256GB “Fast Booting” + Harddisk 500,256,SSD,No,17,1920x1080,IPS,No,,Dedicated,,2,Used,
https://www.tokopedia.com/specialistlaptop/laptop-dell-precision-m4800-core-i7-8gb-ssd-256-quadro-k2100m-2gb-ddr5-harddisk-500gb,Laptop Dell Precision M4800 Core i7 8GB SSD 256 Quadro K2100M 2GB DDR5 - Harddisk 500GB,6499000,5,5,Dell,i7 4810MQ,Intel Core i7 4810MQ 2.80 GHz RAM 8GB DDR3 Varian Har,8,,,SSD,No,6,1920x1080,IPS,No,,Dedicated,,,Used,
https://www.tokopedia.com/specialistlaptop/laptop-dell-vostro-5471-core-i5-8250-ram-8gb-ssd-256-amd-r7-2gb-win-10-ssd-512gb,Laptop Dell Vostro 5471 Core i5 8250 RAM 8GB SSD 256 AMD R7 2GB Win 10 - SSD 512GB,10200000,27,4.8,Dell,Intel Core i5-8250u,Intel Core i5-8250u -8GB DDR4 -256GB SSD - intel UHD,8,,256,SSD,No,14,1920x1080,IPS,No,,Dedicated,,,Used,
https://www.tokopedia.com/specialistlaptop/laptop-fujitsu-a561-corei5-2520m-4gb-dvd-murah-original-japan,Laptop Fujitsu A561 - Corei5 2520M - 4GB - DVD - Murah-Original Japan,2350000,25,4.8,Fujitsu,i5 2520M,Intel Core i5 2520M 2.4 Ghz RAM 4GB DDR3 Harddisk 250,4,,,,No,,HD,,No,,Integrated,,,Used,
https://www.tokopedia.com/specialistlaptop/laptop-gaming-hp-elitebook-745-g6-amd-ryzen-5-3500-ram-16gb-fhd-ips-ssd-256gb-20608,Laptop Gaming Hp Elitebook 745 G6 AMD Ryzen 5 3500 RAM 16GB FHD IPS - SSD 256GB,4250000,16,4.5,Hp,AMD Ryzen 5 PRO 3500,AMD RYZEN 5 Spesifikasi : ● Processor AMD Ryzen 5,16,SSD 256GB ● VGA Graphics : AMD Radeon (,256,SSD,No,14,1920x1080,IPS,No,,Integrated,Windows 10 Professional 64bit,,Used,
https://www.tokopedia.com/specialistlaptop/laptop-gaming-hp-zbook-14u-g6-core-i7-8th-gen-ram-16gb-ssd-vga-amd-4gb,Laptop Gaming HP Zbook 14u G6 Core i7 8th Gen RAM 16GB SSD VGA AMD 4GB,6050000,3,5,Hp,i7 8665u,Intel Core i7 8665u 1.90 GHz up To 2.11 GHz RAM 16GB,16,SSD 256GB * Fast Booting * Camera / Web,256,SSD,Yes,14,1920x1080,IPS,No,,Integrated,,2,Used,
https://www.tokopedia.com/specialistlaptop/laptop-gaming-toshiba-z50c-core-i7-gen6-ssd-512-8gb-nvidia-2gb,Laptop Gaming Toshiba Z50C - Core i7 Gen6 - SSD 512 - 8GB - Nvidia 2GB,6899000,40,4.7,Toshiba,,,8,SSD 512 GB“ Fast Boot “ VGA INTEL UHD 52,512,SSD,No,15.6,1920x1080,,No,,Dedicated,,2,Used,
https://www.tokopedia.com/specialistlaptop/laptop-hp-elite-x2-core-m5-6y54-ssd-256-ips-full-hd-touchscreen,Laptop Hp Elite X2 Core M5-6Y54 - SSD 256 - IPS FULL HD Touchscreen,3699000,40,4.8,Hp,,,8,SSD 256 GB * Fast Booting * VGA INTEL HD,256,SSD,No,12.5,1920x1080,IPS,Yes,,Integrated,,2,Used,
https://www.tokopedia.com/specialistlaptop/laptop-hp-elitebook-725-g3-amd-a8-gen8-ram-8gb-500gb-vga-radeon-r6-ssd-256gb,Laptop Hp EliteBook 725 G3 AMD A8 Gen8 RAM 8GB 500GB VGA Radeon R6 - SSD 256GB,2699000,29,5,Hp,,,8,SSD 256GB Camera VGA AMD Radeon R6 Wi-F,256,SSD,No,14,,,No,,Dedicated,,2,Used,
https://www.tokopedia.com/specialistlaptop/laptop-hp-elitebook-745-amd-ryzen-5-ram-16gb-ssd-radeon-vega-8-fhd-ips-ssd-256gb,Laptop HP Elitebook 745 AMD Ryzen 5 RAM 16GB SSD Radeon VEGA 8 FHD IPS - SSD 256GB,4250000,90,4.9,Hp,AMD Ryzen 5 PRO 3500,AMD RYZEN 5 Spesifikasi : ● Processor AMD Ryzen 5,16,SSD 256GB ● VGA Graphics : AMD Radeon (,256,SSD,No,14,1920x1080,IPS,No,,Integrated,Windows 10 Professional 64bit,,Used,
https://www.tokopedia.com/specialistlaptop/laptop-hp-elitebook-820-g2-core-i5-gen5-ssd-256-touchscreen-murah-ssd-128gb-8-gb,"Laptop HP Elitebook 820 G2 Core i5 Gen5 - SSD 256 - Touchscreen Murah - SSD 128GB, 8 gb",2699000,40,5,Hp,i5 6200u,Intel Core i5 6200u 2.40 GHz RAM 8GB DDR4 SSD 256 GB,8,SSD 256 GB “ Fast Booting “ VGA Intel UH,256,SSD,No,12.5,1920x1080,,Yes,,Integrated,,2,Used,
https://www.tokopedia.com/specialistlaptop/laptop-hp-elitebook-820-g2-core-i7-gen-5-ram-8gb-ssd-256-slim-murah-8gb-ssd-256gb,Laptop Hp Elitebook 820 G2 Core i7 Gen 5 RAM 8GB SSD 256 Slim Murah - 8GB SSD 256GB,3899000,70,5,Hp,i7 5600u,Intel Core i7 5600u 2.50 GHz RAM 8GB DDR3L SSD 256 GB,8,SSD 256 GB “ Fast Booting “ VGA Intel HD,256,SSD,No,12.5,HD,,No,,Integrated,,2,Used,
https://www.tokopedia.com/specialistlaptop/laptop-hp-elitebook-820-g3-core-i5-6300u-ssd-256-touchscreen-full-hd-ssd-128gb-8-gb,"Laptop Hp Elitebook 820 G3 Core i5 6300u SSD 256 Touchscreen Full HD - SSD 128GB, 8 gb",2550000,100,4.9,Hp,i5 6300u,Intel Core i5 6300u 2.40 GHz RAM 8GB DDR4 SSD 256GB *,8,SSD 256GB * Fast booting * Camera / Web,256,SSD,No,12.5,1920x1080,IPS,Yes,,Integrated,,2,Used,
https://www.tokopedia.com/specialistlaptop/laptop-hp-elitebook-820-g3-core-i7-6600u-ram-8gb-ssd-full-hd-ips-murah-ssd-128gb,Laptop Hp Elitebook 820 G3 Core i7 6600u RAM 8GB SSD Full HD IPS Murah - SSD 128GB,2699000,11,5,Hp,i7 6600u,Intel Core i7 6600u 2.60 GHz Up To 2.80 GHz RAM 8GB D,8,SSD 128GB / SSD 256GB / SSD 512 GB Came,128,SSD,No,12.5,1920x1080,IPS,No,,Integrated,,2,Used,
https://www.tokopedia.com/specialistlaptop/laptop-hp-elitebook-820-g4-core-i7-7500u-ram-8gb-ssd-full-hd-ips-murah-8gb-ssd-128gb,Laptop Hp Elitebook 820 G4 Core i7 7500u RAM 8GB SSD Full HD IPS Murah - 8GB SSD 128GB,4499000,10,5,Hp,i7 7500u,Intel Core i7 7500u 2.70 GHz Up To 2.90 GHz RAM 8GB D,8,SSD 128GB / SSD 256GB / SSD 512 GB Came,128,SSD,No,12.5,1920x1080,IPS,No,,Integrated,,2,Used,
https://www.tokopedia.com/specialistlaptop/laptop-hp-elitebook-830-g7-core-i7-10th-gen-ram-16gb-ssd-touchscreen-non-touchscreen-b1dde,Laptop Hp Elitebook 830 G7 Core i7 10th Gen RAM 16GB SSD Touchscreen - NON Touchscreen,6900000,13,5,Hp,i7 10610u,Intel Core i7 10610u 1.80 GHz up To 2.00 GHz RAM 16GB,16,SSD 512GB * Fast Booting * Camera / Web,512,SSD,Yes,13.3,1920x1080,IPS,Yes,,Integrated,,2,Used,
https://www.tokopedia.com/specialistlaptop/laptop-hp-elitebook-840-g2-core-i5-5300u-8gb-ssd-180-win-10-murah-slim,Laptop HP Elitebook 840 G2 Core i5 5300u 8GB SSD 180 Win 10 Murah Slim,2050000,40,4.8,Hp,i5 5300u,Intel Core i5 5300u 1.9 GHz RAM 8GB DDR3L SSD 180 GB,8,SSD 180 GB “ Fast Booting “ VGA Intel HD,180,SSD,No,14,HD,,No,,Integrated,,2,Used,
https://www.tokopedia.com/specialistlaptop/laptop-hp-elitebook-840-g3-core-i5-6300u-ram-8gb-ssd-256-mulus-murah-8gb-ssd-256,Laptop HP Elitebook 840 G3 Core i5 6300u RAM 8GB SSD 256 Mulus Murah - 8GB SSD 256,3350000,70,4.8,Hp,i5 6300u,Intel Core i5 6300u 2.50GHz RAM 8GB DDR4L / 16GB DDR4,8,SSD 256GB / SSD 512 Harga Sesuai Varian,256,SSD,No,14,1920x1089,,No,,Integrated,,2,Used,
https://www.tokopedia.com/specialistlaptop/laptop-hp-elitebook-840-g6-core-i7-gen8-ram-16gb-ssd-512-fhd-ips-ssd-256gb-16-gb-4ef00,"Laptop Hp Elitebook 840 G6 Core i7 Gen8 RAM 16GB SSD 512 FHD IPS - SSD 256GB, 16 gb",4499000,80,5,Hp,,,,SSD 256 GB - 512GB ( Varian ) ● VGA Grap,256,SSD,No,14,1920x1080,IPS,No,,Integrated,Windows 10 Pro,2,Used,
https://www.tokopedia.com/specialistlaptop/laptop-hp-elitebook-840-g7-core-i7-gen-10-ram-16gb-ssd-1tb-fhd-ips-win-11-original-slim-murah-ssd-nvme-256gb-1a39c,Laptop HP Elitebook 840 G7 Core i7 Gen 10 RAM 16GB SSD 1TB FHD IPS Win 11 Original Slim Murah - SSD NVME 256GB,5650000,80,5,Hp,,,,SSD 256 GB - 1 TB ( Varian ) ● VGA Graph,256,SSD,No,14,1920x1080,IPS,No,,Integrated,Windows 11 Pro,2,Used,
https://www.tokopedia.com/specialistlaptop/laptop-hp-elitebook-8440p-corei5-4gb-ssd-80gb-battery-good-gan-ssd-128gb-4-gb,"Laptop Hp Elitebook 8440p - Corei5 - 4GB - SSD 80GB - Battery Good Gan - SSD 128GB, 4 gb",1599000,30,4.9,Hp,i5 M540,Intel Core i5 M540 2.5 GHz RAM 4GB DDR3 SSD 128GB / 1,4,SSD 128GB / 180GB / 256GB / 512GB ( Har,128,SSD,No,14,HD,,No,,Integrated,,1,Used,
https://www.tokopedia.com/specialistlaptop/laptop-hp-elitebook-8460p-core-i5-4gb-320gb-dvd-murah-garansi-4-gb-hdd-320gb,"Laptop Hp Elitebook 8460p - Core i5 - 4GB - 320GB - DVD- Murah Garansi - 4 gb, HDD 320GB",2399000,,,Hp,Intel Core i5 2520M2,Intel Core i5 2520M2.5 ghz RAM 4GB DDR3 Harddisk 320G,4,,,,No,,HD,,No,,Integrated,,2,Used,
https://www.tokopedia.com/specialistlaptop/laptop-hp-elitebook-8470p-core-i5-ssd-240-ram-8gb-dvd-cam-win-10-murah,Laptop Hp Elitebook 8470p Core i5 SSD 240 RAM 8GB DVD CAM Win 10 Murah,2399000,30,4.7,Hp,i5 3230M,Intel Core i5 3230M 2.60 ghz RAM 8GB DDR3L SSD 256GB,8,SSD 256GB * Fast Booting * DVD WEBCAM V,256,SSD,No,14,HD,,No,,Integrated,,1,Used,
https://www.tokopedia.com/specialistlaptop/laptop-hp-elitebook-8470p-corei5-3320m-4gb-500gb-battery-good-hdd-320gb,Laptop Hp EliteBook 8470P - corei5 3320M - 4GB - 500GB - Battery Good - HDD 320GB,1799000,40,4.9,Hp,i5 3320M,Intel Core i5 3320M 2.6 ghz RAM 4GB DDR3 Harddisk 500,4,,,,No,,HD,,No,,Integrated,,,Used,
https://www.tokopedia.com/specialistlaptop/laptop-hp-elitebook-850-g3-core-i7-6600u-ram-8gb-ssd-256-full-hd-murah-ssd-128gb,Laptop HP Elitebook 850 G3 Core i7 6600u RAM 8GB SSD 256 Full HD Murah - SSD 128GB,6499000,10,5,Hp,i7 6600u,Intel Core i7 6600u 2.60 GHz up To 2.81 GHz RAM 8GB D,8,SSD 128GB / SSD 256GB / SSD 512 GB Came,128,SSD,No,15.6,1920x1080,,No,,Integrated,,2,Used,
https://www.tokopedia.com/specialistlaptop/laptop-hp-elitebook-folio-9470m-core-i5-3427u-8gb-320gb-murah-slim-hdd-500gb,Laptop Hp Elitebook Folio 9470M Core i5 3427u 8GB 320GB Murah Slim - HDD 500GB,2990000,100,4.8,Hp,i5 3427u,Intel Core i5 3427u 1.8 GHz Up To 2.3 GHz RAM 8GB DDR,8,,,,No,,HD,,No,,Integrated,,2,Used,
https://www.tokopedia.com/specialistlaptop/laptop-hp-elitebook-folio-9480m-core-i5-gen4-8gb-500gb-murah-gan-hdd-500gb,Laptop Hp Elitebook Folio 9480M Core i5 Gen4 - 8GB - 500GB - Murah Gan - HDD 500GB,2990000,26,4.8,Hp,i5 4310u,Intel Core i5 4310u 2.2 GHz Up To 2.6GHz RAM 8GB DDR3,8,,,,No,,1600x900,,No,,Integrated,,2,Used,
https://www.tokopedia.com/specialistlaptop/laptop-hp-elitebook-x360-core-i5-7200u-8gb-ssd-256-touchscreen-ips,Laptop Hp Elitebook X360 Core i5 7200u 8GB SSD 256 Touchscreen IPS,6100000,6,5,Hp,,,8,,,SSD,No,13.3,1920x1080,IPS,Yes,,Integrated,,2,Used,
https://www.tokopedia.com/specialistlaptop/laptop-hp-probook-430-g5-core-i5-8250u-ssd-128-hdd-500gb-win-10-ori-8gb-hdd-500gb,Laptop Hp Probook 430 G5 Core i5 8250u SSD 128 + HDD 500GB Win 10 Ori - 8GB HDD 500GB,4650000,22,5,Hp,,,8,SSD 128GB + HDD 500GB * Fast Booting *,128,SSD,No,13.3,HD,,No,Port,Integrated,Windows 10 Pro,2,Used,
https://www.tokopedia.com/specialistlaptop/laptop-hp-probook-430-g5-core-i7-8th-gen-ram-16gb-ssd-512gb-win-10-ssd-256gb-8-gb-0af90,"Laptop HP Probook 430 G5 Core i7 8th Gen RAM 16GB SSD 512GB Win 10 - SSD 256GB, 8 gb",3899000,24,5,Hp,,,8,SSD 256GB - 512GB * Fast Booting * ( Va,256,SSD,No,13.3,HD,,No,Port,Integrated,Windows 10 Pro,2,Used,
https://www.tokopedia.com/specialistlaptop/laptop-hp-probook-430-g5-intel-celeron-3865u-ram-4gb-ssd-128gb-mulus,Laptop Hp Probook 430 G5 Intel Celeron 3865u RAM 4GB SSD 128GB Mulus,2850000,16,5,Hp,,,4,SSD 128GB Camera / Webcam Bluetooth VGA,128,SSD,No,13.3,HD,,No,,Integrated,,2,Used,
https://www.tokopedia.com/specialistlaptop/laptop-hp-probook-445-g8-amd-ryzen-7-5800u-ram-16gb-ssd-nvme-256-murah-garansi-1734705031398458814-1734705227627464126,Laptop Hp Probook 445 G8 AMD Ryzen 7 5800U RAM 16GB SSD NVME 256 Murah Garansi - SSD 256GB,5399000,5,5,Hp,AMD Ryzen 7 5800U,AMD Ryzen 7 5800U Radeon Graphic ( 16 CPUs ) ~ 1.,16,SSD 256GB ● VGA Graphics : AMD Radeon (,256,SSD,No,13.3,1368x768,,No,,Integrated,Windows 11 Professional 64bit,,Used,
https://www.tokopedia.com/specialistlaptop/laptop-hp-probook-650-g3-core-i5-7th-gen-ram-16gb-ssd-256gb-fhd-murah,Laptop Hp Probook 650 G3 Core i5 7th Gen RAM 16GB SSD 256GB FHD Murah,3950000,6,5,Hp,i5 7200u,Intel Core i5 7200u 2.60 GHz Up To 2.70 GHz RAM 16GB,16,SSD 256GB Camera / Webcam Bluetooth VGA,256,SSD,No,15.6,1920x1080,,No,,Integrated,,2,Used,
https://www.tokopedia.com/specialistlaptop/laptop-hp-probook-650-g3-core-i7-7820hq-ram-8gb-ssd-full-hd-win-10-ori-ram-8gb-ssd-128,Laptop HP Probook 650 G3 Core i7 7820HQ RAM 8GB SSD Full HD Win 10 Ori - RAM 8GB SSD 128,6499000,30,5,Hp,i7 7820HQ,Intel Core i7 7820HQ 2.90 GHz ( 8 CPU ) RAM 8GB DDR4,8,SSD 128GB / SSD 256GB / SSD 512 GB Came,128,SSD,No,15.6,1920x1080,,No,,Integrated,,2,Used,
https://www.tokopedia.com/specialistlaptop/laptop-hp-probook-6570b-core-i3-ram-4gb-hdd-320gb-dvd-camera-murah,Laptop Hp Probook 6570B Core i3 RAM 4GB HDD 320GB DVD Camera Murah,2300000,7,4,Hp,,,,,,,No,,,,No,,Integrated,,,Used,
https://www.tokopedia.com/specialistlaptop/laptop-hp-zbook-15-g2-core-i7-4810mq-8gb-nvidia-quadro-2gb-murah,Laptop HP ZBook 15 G2 Core i7 4810MQ - 16GB - Nvidia Quadro 2GB Murah,4899000,21,5,Hp,i7 4810MQ,Intel Core i7 4810MQ 2.8 GHz ( 8 Core CPU ) RAM 16GB,16,SSD 256GB - 512GB VGA Intel HD 4600 VGA,256,SSD,No,15.6,1920x1080,,No,,Dedicated,,2,Used,
https://www.tokopedia.com/specialistlaptop/laptop-hp-zbook-15u-g6-core-i7-8th-gen-ram-16gb-ssd-512-amd-radeon-4gb-ssd-256gb-d9099,Laptop Hp Zbook 15u G6 Core i7 8th Gen RAM 16GB SSD 512 AMD Radeon 4GB - SSD 256GB,6750000,10,5,Hp,i7 8665u,Intel Core i7 8665u 1.90 GHz up To 2.11 GHz RAM 16GB,16,SSD 256GB * Fast Booting * Camera / Web,256,SSD,Yes,15.6,1920x1080,IPS,No,,Integrated,,2,Used,
https://www.tokopedia.com/specialistlaptop/laptop-hp-zbook-17-g2-core-i7-16gb-ssd-256-vga-nvidia-4gb-murah,Laptop Hp Zbook 17 G2 Core i7 - 16GB - SSD 256 - VGA Nvidia 4GB Murah,6950000,,,Hp,i7 4710MQ,Intel Core i7 4710MQ 2.6 GHz ( 8 Core CPU ) RAM 16GB,16,SSD 256GB * Fast Booting * VGA Intel HD,256,SSD,No,17,1920x1080,,No,,Dedicated,,2,Used,
https://www.tokopedia.com/specialistlaptop/laptop-lenovo-t440p-core-i7-4600m-8gb-500gb-nvidia-1gb-murah,Laptop Lenovo T440p Core i7 4600M - 8GB - 500GB - Nvidia 1GB - Murah,5499000,6,5,Lenovo,i7 4600M,Intel Core i7 4600M 2.89 GHz RAM 8GB DDR3 Sudah Upgra,8,SSD 256GB HD Webcam VGA intel HD 4600 V,256,SSD,No,14,HD,,No,,Dedicated,,2,Used,
https://www.tokopedia.com/specialistlaptop/laptop-lenovo-thinkpad-13-core-i5-7th-gen-ram-8gb-ssd-touchsceeen-fhd-ssd-128gb-b03ba,Laptop Lenovo Thinkpad 13 Core i5 7th Gen RAM 8GB SSD Touchsceeen FHD - SSD 128GB,3200000,70,5,Lenovo,i5 7200u,Intel Core i5 7200u 2.7ghz + Ram 8GB + SSD 128GB / 25,8,SSD 128GB / 256GB + VGA intel uhd graph,128,SSD,No,13.3,1920x1080,IPS,Yes,,Integrated,,,Used,
https://www.tokopedia.com/specialistlaptop/laptop-lenovo-thinkpad-e580-core-i7-gen8-ram-16gb-ssd-256-win-11-original-murah,Laptop Lenovo Thinkpad E580 Core i7 Gen8 RAM 16GB SSD 256 Win 11 Original Murah,4990000,11,5,Lenovo,,,16,SSD 256GB *Fast Booting * Keyboard US O,256,SSD,No,15.6,HD,,No,,Integrated,,2,Used,
https://www.tokopedia.com/specialistlaptop/laptop-lenovo-thinkpad-g2-amd-ryzen-5-pro-5650u-ram-16gb-ssd-nvme-512gb-touchscreen-full-hd-ips-murah-garansi-1734756374941369790-1734756520834794942,Laptop Lenovo Thinkpad T14 G2 AMD Ryzen 5 Pro 5650U RAM 16GB SSD NVME 512GB Touchscreen Full HD IPS Murah Garansi - SSD 256GB,5250000,13,4.8,Lenovo,AMD Ryzen 5 Pro 5650u,AMD Ryzen 5 Pro 5650u Spesifikasi : ● Processor A,16,SSD NVME 512GB - 1 TB ( Varian ) ● VGA Graph,512,SSD,Yes,14,1920x1080,IPS,Yes,,Integrated,Windows 11 Professional 64bit,,Used,
https://www.tokopedia.com/specialistlaptop/laptop-lenovo-thinkpad-l13-g3-i7-1265u-ram-32gb-ssd-512gb-layar-ips-siap-pakai-windows-11-1731709636177987006,Laptop Lenovo ThinkPad L13 G3 | i7-1265U | RAM 32GB | SSD 512GB | Layar IPS | Siap Pakai | Windows 11,8499000,2,,Lenovo,Intel Core i7-1265u,Intel Core i7-1265u (12th Gen) – Cepat dan efisien RA,32,,512,SSD,Yes,,FHD,IPS,No,,Integrated,Windows 11 Pro,,Used,
https://www.tokopedia.com/specialistlaptop/laptop-lenovo-thinkpad-l13-yoga-2nd-core-i5-gen-11-ram-16-ssd-512-ssd-256gb-19c40,Laptop Lenovo Thinkpad L13 Yoga 2nd Core i5 Gen 11 RAM 16 SSD 512 - SSD 256GB,6350000,100,5,Lenovo,i5-1145G7,Intel Core i5-1145G7 2.60 GHz Gen 11Th RAM 16GB LPDDR,16,SSD 512 GB | LAYAR 13 INC WUXGA PROC Int,512,SSD,No,,1920x1200,,Yes,Intel Iris Xe Graphics Keyboard US Backlite Original CAMERA ON,Integrated,WINDOWS 10,,Used,
https://www.tokopedia.com/specialistlaptop/laptop-lenovo-thinkpad-l15-amd-ryzen-5-pro-4650u-ram-16gb-ssd-512-fhd-ips-ssd-256gb-8-gb-b988b,"Laptop Lenovo Thinkpad L15 AMD Ryzen 5 Pro 4650u RAM 16GB SSD 512 FHD IPS - SSD 256GB, 8 gb",3950000,70,5,Lenovo,AMD Ryzen 5 Pro 4650u,AMD Ryzen 5 Pro 4650u Spesifikasi : ● Processor A,8,SSD 256GB - 512GB ( Varian ) ● VGA Grap,256,SSD,No,15.6,1920x1080,IPS,No,,Integrated,Windows 11 Professional 64bit,,Used,
https://www.tokopedia.com/specialistlaptop/laptop-lenovo-thinkpad-l380-yoga-core-i5-8th-gen-ram-16gb-ssd-win-10-ssd-256gb-8-gb,"Laptop Lenovo Thinkpad L380 YOGA Core i5 8th Gen RAM 16GB SSD Win 10 - SSD 256GB, 8 gb",2599000,80,4.9,Lenovo,i5 - 8265u,Intel Core i5 - 8265u 1.60GHz Up To 1.80 GHz * Operat,8,128GB / 256GB / 512GB,,SSD,No,13.3,1920 x 1080,IPS,No,,Integrated,Windows 10 Pro,2,Used,
https://www.tokopedia.com/specialistlaptop/laptop-lenovo-thinkpad-l390-core-i5-8th-gen-ram-8gb-ssd-256-murah-slim,Laptop Lenovo Thinkpad L390 Core i5 8th Gen RAM 8GB SSD 256 Murah Slim,6499000,2,5,Lenovo,i5 8265u,Intel Core i5 8265u 1.60 GHz ( 8 Core ) -Memory DDR4,8,SSD 256GB ( FAST BOOTING ) -Layar 13.3,256,SSD,No,13.3,1366 x 768,,No,,Integrated,,2,Used,
https://www.tokopedia.com/specialistlaptop/laptop-lenovo-thinkpad-l490-core-i5-8th-gen-ram-8gb-ssd-fhd-ips-win-10-ssd-128gb-8-gb-5311a,"Laptop Lenovo Thinkpad L490 Core i5 8th Gen RAM 8GB SSD FHD IPS Win 10 - SSD 128GB, 8 gb",2999000,50,5,Lenovo,i5 8250u,Intel Core i5 8250u 1.60 GHz ( 8 Core ) -Memory DDR4,8,SSD 128GB - 256GB - 512GB ( FAST BOOTIN,128,SSD,No,13.3,1920x1080,IPS,No,,Integrated,,2,Used,
https://www.tokopedia.com/specialistlaptop/laptop-lenovo-thinkpad-l580-core-i5-8250u-ram-8gb-ssd-256-murah-mulus-8gb-ssd-256,Laptop Lenovo Thinkpad L580 Core i5 8250u RAM 8GB SSD 256 Murah Mulus - 8GB SSD 256,2950000,40,5,Lenovo,i5 8250u,Intel Core i5 8250u 1.60 GHz ( 8 Core ) -Memory DDR4,8,SSD 256GB ( FAST BOOTING ) -Layar 15.6,256,SSD,No,15.6,1366 x 768,,No,,Integrated,,2,Used,
https://www.tokopedia.com/specialistlaptop/laptop-lenovo-thinkpad-p1-gen-2-core-i7-9750h-ram-32gb-quadro-t1000-nvme-256gb-16-gb,"Laptop Lenovo Thinkpad P1 Gen 2 Core i7 9750H RAM 32GB Quadro T1000 - NVME 256GB, 16 gb",9499000,22,5,Lenovo,INTEL Core i7-9750H,INTEL Core i7-9750H 12CPUS 2.60 UP TO 4.5GHZ 12CPUS -,16,SSD NVME 512GB SUPER FAST BOOT — Windows 10,512,SSD,Yes,15,1920 X 1080,IPS,No,,Dedicated,Windows 10,2,Used,
https://www.tokopedia.com/specialistlaptop/laptop-lenovo-thinkpad-p14s-amd-ryzen-7-4750u-ram-16gb-ssd-512-fhd-ips-vga-amd-firepro-ssd-512gb-16-gb-85e0a,"Laptop Lenovo Thinkpad P14s AMD Ryzen 7 4750u RAM 16GB SSD 512 FHD IPS VGA AMD FirePro - SSD 512GB, 16 gb",5799000,100,4.9,Lenovo,AMD Ryzen 7 Pro 4750u,AMD Ryzen 7 Pro 4750u Spesifikasi : ● Processor A,16,SSD NVME 512GB ( Varian ) ● VGA Graphics : A,512,SSD,Yes,14,1920x1080,IPS,No,,Integrated,Windows 11 Professional 64bit,,Used,
https://www.tokopedia.com/specialistlaptop/laptop-lenovo-thinkpad-p15-core-i7-gen-10-ram-32gb-ssd-512-vga-nvidia-quadro-full-hd-ips-touchscreen-1732458078546396606,Laptop Lenovo Thinkpad P15 Core i7 Gen 10 RAM 32GB SSD 512 VGA Nvidia Quadro Full HD IPS Touchscreen - RAM 16GB SSD 256,8899000,8,5,Lenovo,i7 10850H,Intel Core i7 10850H 2.70 GHz ( 12 CPU ) Memory DDR4L,4,SSD 512GB ( Varian ) Dual VGA : -VGA In,512,SSD,No,15,HD,IPS,Yes,NVIDIA Quadro T1000 4GB DDR5 Dedicated 128Bit Touchscreen Layar Sentuh 4K Resolusi Interface Bluetooth WiFi HDMI,Dedicated,Windows 11 Original Pro 64 Bit Office 2021,,Used,
https://www.tokopedia.com/specialistlaptop/laptop-lenovo-thinkpad-p50-core-i7-ram-8gb-ssd-256-nvidia-4gb-fhd-ips-8gb-ssd-256gb,Laptop Lenovo Thinkpad P50 Core i7 RAM 8GB SSD 256 Nvidia 4GB FHD IPS - 8GB SSD 256GB,10500000,17,5,Lenovo,I7 6700HQ 6TH GEN Cocok untuk keperluan design grafis,INTEL CORE I7 6700HQ 6TH GEN Cocok untuk keperluan de,8,SSD 256GB RAM 8GB DDR4 Layar 15,256,SSD,No,6,1920x1080,IPS,No,,Dedicated,Windows 10 2 port Thunderbolt 3,2,Used,
https://www.tokopedia.com/specialistlaptop/laptop-lenovo-thinkpad-p52s-core-i7-8650u-ram-32gb-ssd-nvidia-quadro-ssd-256gb-16-gb,"Laptop Lenovo Thinkpad P52s Core i7 8650u RAM 32GB SSD Nvidia Quadro - SSD 256GB, 16 gb",7500000,20,5,Lenovo,I7 8650u 8th GEN Cocok untuk keperluan design grafis,INTEL CORE I7 8650u 8th GEN Cocok untuk keperluan des,16,SSD 256GB - 512GB - 1TB ( Varian ) RAM,256,SSD,No,6,1920x1080,IPS,No,,Dedicated,Windows 10 Pro Original,2,Used,
https://www.tokopedia.com/specialistlaptop/laptop-lenovo-thinkpad-t14-amd-ryzen-5-pro-4650u-ram-16gb-ssd-256-fhd-ips-vga-amd-radeon-touchscreen-1731355008099190637,Laptop Lenovo Thinkpad T14 AMD Ryzen 5 Pro 4650u RAM 16GB SSD 256 FHD IPS VGA AMD Radeon Touchscreen,4950000,1,5,Lenovo,,AMD Ryzen5 RAM 16GB SSD 256GB Touchscreen Layar 1,16,SSD 256GB Touchscreen Layar 14,256,SSD,No,,,,Yes,,Integrated,,,Used,
https://www.tokopedia.com/specialistlaptop/laptop-lenovo-thinkpad-t14-amd-ryzen-5-pro-4650u-ram-16gb-ssd-512-fhd-ips-vga-amd-radeon-1734566831738029502,Laptop Lenovo Thinkpad T14 AMD Ryzen 5 Pro 4650u RAM 16GB SSD 512 FHD IPS VGA AMD Radeon - SSD 256GB,5000000,100,5,Lenovo,AMD Ryzen 5 Pro 4650u,AMD Ryzen 5 Pro 4650u Spesifikasi : ● Processor A,16,SSD NVME 512GB - 1 TB  ( Varian ) ● VGA Grap,512,SSD,Yes,14,1920x1080,IPS,No,,Integrated,Windows 11 Professional 64bit,,Used,
https://www.tokopedia.com/specialistlaptop/laptop-lenovo-thinkpad-t14-core-i7-gen-10-ram-16gb-ssd-512-full-hd-ips-1730847793998890861,"Laptop Lenovo Thinkpad T14 Core i7 Gen 10 RAM 16GB SSD 512 Full HD IPS - SSD NVME 256GB, 16 gb",5499000,50,5,Lenovo,i7 10610,Intel Core i7 10610 1.80 GHz up to 2.30 GHz -Memory D,16,SSD NVME 256GB ( FAST BOOTING ) -Layar 14 in,256,SSD,Yes,14,1920x1080,IPS,No,,Integrated,,2,Used,
https://www.tokopedia.com/specialistlaptop/laptop-lenovo-thinkpad-t14-g2-core-i5-gen-11-ram-16gb-ssd-512-fhd-ips-win-11-ssd-nvme-256gb-16-gb-e5705,"Laptop Lenovo Thinkpad T14 G2 Core i5 Gen 11 RAM 16GB SSD 512 FHD IPS Win 11 - SSD NVME 256GB, 16 gb",4999000,100,5,Lenovo,i5 1145G7,Intel Core i5 1145G7 2.60 GHz ( 8 CPUs ) Quad Core -M,16,SSD NVME 256GB - 1TB  ( FAST BOOTING ) -Laya,256,SSD,Yes,14,1920x1080,IPS,No,,Integrated,,2,Used,
https://www.tokopedia.com/specialistlaptop/laptop-lenovo-thinkpad-t14-g2-core-i7-gen-11-ram-16gb-ssd-512-fhd-ips-win-11-1731193432894965613,"Laptop Lenovo Thinkpad T14 G2 Core i7 Gen 11 RAM 16GB SSD 512 FHD IPS Win 11 - SSD NVME 256GB, 16 gb",5999000,80,4.9,Lenovo,i7 1185G7,Intel Core i7 1185G7 3.00 GHz ( 8 CPUs ) Quad Core -M,16,SSD NVME 256GB - 1TB  ( FAST BOOTING ) -Laya,256,SSD,Yes,14,1920x1080,IPS,No,,Integrated,,2,Used,
https://www.tokopedia.com/specialistlaptop/laptop-lenovo-thinkpad-t14s-amd-ryzen-7-pro-4750u-ram-16gb-ssd-512-fhd-ips-vga-amd-radeon-1731343895987914605,Laptop Lenovo Thinkpad T14s AMD Ryzen 7 Pro 4750u RAM 16GB SSD 512 FHD IPS VGA AMD Radeon - SSD 256GB,5499000,16,5,Lenovo,AMD Ryzen 7 Pro 4750u,AMD Ryzen 7 Pro 4750u Spesifikasi : ● Processor A,16,SSD NVME 512GB ( Varian ) ● VGA Graphics : A,512,SSD,Yes,14,1920x1080,IPS,No,,Integrated,Windows 11 Professional 64bit,,Used,
https://www.tokopedia.com/specialistlaptop/laptop-lenovo-thinkpad-t15-core-i5-gen-10-ram-16gb-ssd-256-full-hd-ips-thinkpad-l15-ram-8gb-ssd-256-55a2e,"Laptop Lenovo Thinkpad T15 Core i5 Gen 10 RAM 16GB SSD 256 Full HD IPS - Thinkpad L15, RAM 8GB SSD 256",4250000,100,4.8,Lenovo,AMD Ryzen 5 Pro 4650u,AMD Ryzen 5 Thinkpad L15 AMD Ryzen 5 + Keyboard U,8,SSD 256GB / 512GB WiFi Camera port USB,256,SSD,No,15.6,1920x1080,IPS,No,,Integrated,Windows 11,,Used,
https://www.tokopedia.com/specialistlaptop/laptop-lenovo-thinkpad-t400-mati-kondisi-lengkap-sesuai-photo,Laptop Lenovo Thinkpad T400 Mati Kondisi Lengkap sesuai photo,350000,13,5,Lenovo,,,4,,,,No,14,,,No,,Integrated,,,Used,
https://www.tokopedia.com/specialistlaptop/laptop-lenovo-thinkpad-t420-core-i5-4gb-320gb-dvd-murah-mulus,Laptop Lenovo Thinkpad T420 Core i5 - 4GB - 320GB - DVD - Murah Mulus,2599000,13,4.6,Lenovo,,,4,,,,No,14,HD,,No,,Integrated,,2,Used,
https://www.tokopedia.com/specialistlaptop/laptop-lenovo-thinkpad-t430-core-i5-8gb-320gb-camera-murah-gan-4gb-hdd-320gb,Laptop Lenovo Thinkpad T430 Core i5 - 8GB - 320GB - Camera - Murah Gan - 4GB HDD 320GB,2050000,29,4.8,Lenovo,i5 3320M,Intel Core i5 3320M 2.60 GHz RAM 4GB / 8GB ( Varian ),4,SSD 128 / 256GB Fast Booting ( Varian ) VGA I,,SSD,No,,1367x768,,No,,Integrated,,2,Used,
https://www.tokopedia.com/specialistlaptop/laptop-lenovo-thinkpad-t430-corei5-3320m-4gb-320gb-batt-good-hdd-320gb-4-gb,"Laptop Lenovo Thinkpad T430 - Corei5 3320M - 4GB - 320GB - Batt Good - HDD 320GB, 4 gb",2050000,40,4.9,Lenovo,i5 3320M,Intel Core i5 3320M 2.60 GHz RAM 4GB / 8GB ( Varian ),4,SSD 128 / 256GB Fast Booting ( Varian ) VGA I,,SSD,No,,1367x768,,No,,Integrated,,2,Used,
https://www.tokopedia.com/specialistlaptop/laptop-lenovo-thinkpad-t430-corei5-3320m-8gb-ssd-256gb-batt-ok-hdd-320gb-4-gb,"Laptop Lenovo Thinkpad T430 - Corei5 3320M - 8GB - SSD 256GB - Batt OK - HDD 320GB, 4 gb",2050000,40,4.6,Lenovo,i5 3320M,Intel Core i5 3320M 2.60 GHz RAM 4GB / 8GB ( Varian ),4,SSD 128 / 256GB Fast Booting ( Varian ) VGA I,,SSD,No,,1367x768,,No,,Integrated,,2,Used,
https://www.tokopedia.com/specialistlaptop/laptop-lenovo-thinkpad-t430-i7-4gb-ddr3-ssd-256-good-battrey-4-gb,Laptop Lenovo Thinkpad T430 - i7 - 4GB DDR3 - SSD 256 - GOOD BATTREY - 4 gb,3099000,80,4.9,Lenovo,i7 3520M 2,Intel Core i7 3520M 2,8,SSD 240GB ( Anti Lemot ) Intel hd 4000,240,SSD,No,14,1600x900,,No,,Dedicated,,2,Used,
https://www.tokopedia.com/specialistlaptop/laptop-lenovo-thinkpad-t430s-core-i5-gen3-4gb-320gb-murah-slim-4gb-hdd-320gb-lenovo-t430,"Laptop Lenovo ThinkPad T430s Core i5 Gen3 - 4GB - 320GB - Murah Slim - 4GB HDD 320GB, Lenovo T430",2250000,50,4.9,Lenovo,i5 3320M,Intel Core i5 3320M 2.60 GHz RAM 4GB / 8GB ( Varian ),4,SSD 128 / 256GB Fast Booting ( Varian ) VGA I,,SSD,No,,1367x768,,No,,Integrated,,2,Used,
https://www.tokopedia.com/specialistlaptop/laptop-lenovo-thinkpad-t440-corei5-4300u-8gb-320gb-win-10-slim-murah-ssd-256gb,Laptop Lenovo Thinkpad T440 Corei5 4300u 8GB 320GB Win 10 Slim Murah - SSD 256GB,3300000,100,4.8,Lenovo,,,8,,,,No,14,HD,,No,,Integrated,,1,Used,
https://www.tokopedia.com/specialistlaptop/laptop-lenovo-thinkpad-t450-core-i5-5300u-8gb-ssd-128-win-10-murah-gan-ssd-512gb,Laptop Lenovo Thinkpad T450 Core i5 5300u 8GB SSD 128 Win 10 Murah Gan - SSD 512GB,3750000,90,4.9,Lenovo,i5 5300u,Intel Core i5 5300u 2.3 GHz RAM 8GB DDR3L HDD 500GB/,8,SSD 128GB /SSD 256GB/512GB “ Fast Booti,128,SSD,No,14,HD,,No,,Integrated,,2,Used,
https://www.tokopedia.com/specialistlaptop/laptop-lenovo-thinkpad-t450-core-i5-5300u-8gb-ssd-240-win-10-murah-gan-ssd-128gb,Laptop Lenovo Thinkpad T450 Core i5 5300u 8GB SSD 240 Win 10 Murah Gan - SSD 128GB,3099000,60,4.7,Lenovo,i5 5300u,Intel Core i5 5300u 2.3 GHz RAM 8GB DDR3L HDD 500GB/,8,SSD 128GB /SSD 256GB/512GB “ Fast Booti,128,SSD,No,14,HD,,No,,Integrated,,2,Used,
https://www.tokopedia.com/specialistlaptop/laptop-lenovo-thinkpad-t450-core-i5-5300u-8gb-ssd-512-win-10-murah-gan-ssd-128gb,Laptop Lenovo Thinkpad T450 Core i5 5300u 8GB SSD 512 Win 10 Murah Gan - SSD 128GB,3099000,40,4.9,Lenovo,i5 5300u,Intel Core i5 5300u 2.3 GHz RAM 8GB DDR3L HDD 500GB/,8,SSD 128GB /SSD 256GB/512GB “ Fast Booti,128,SSD,No,14,HD,,No,,Integrated,,2,Used,
https://www.tokopedia.com/specialistlaptop/laptop-lenovo-thinkpad-t450s-ssd-256gb-8gb-core-i5-5300u-murah-mulus-ssd-128gb,Laptop Lenovo Thinkpad T450s SSD 256GB 8GB Core i5 5300u Murah Mulus - SSD 128GB,3050000,30,5,Lenovo,i5 5300u,Intel Core i5 5300u 2.3 GHz RAM 8GB DDR3L HDD 500GB/,8,SSD 128GB /SSD 256GB/512GB “ Fast Booti,128,SSD,No,14,HD,,No,,Integrated,,2,Used,
https://www.tokopedia.com/specialistlaptop/laptop-lenovo-thinkpad-t460-i5-6300u-8gb-ssd-128-ips-full-hd-murah-gan-ssd-128gb-8-gb,"Laptop Lenovo Thinkpad T460 i5 6300u 8GB SSD 128 IPS FULL HD Murah Gan - SSD 128GB, 8 gb",2599000,250,5,Lenovo,i5 6200u,Intel Core i5 6200u 2.50 GHz RAM 8GB / 16GB ( Varian,8,SSD 128GB / 256GB / 512GB “ Fast Bootin,128,SSD,No,14,1920x1080,IPS,No,,Integrated,,2,Used,
https://www.tokopedia.com/specialistlaptop/laptop-lenovo-thinkpad-t460p-core-i7-ram-16gb-ssd-nvidia-2gb-win-10-ssd-256gb-8-gb-f71b9,,,,,,,,,,,,,,,,,,,,,,failed after retries
https://www.tokopedia.com/specialistlaptop/laptop-lenovo-thinkpad-t460s-core-i7-6600u-8gb-ssd-480gb-full-hd-ips-ssd-256gb,,,,,,,,,,,,,,,,,,,,,,failed after retries
https://www.tokopedia.com/specialistlaptop/laptop-lenovo-thinkpad-t470-core-i7-6500u-ram-16gb-nvidia-2gb-win-10-core-i5-ssd-256-32-gb-e03a9,,,,,,,,,,,,,,,,,,,,,,failed after retries
https://www.tokopedia.com/specialistlaptop/laptop-lenovo-thinkpad-t470-i5-6300u-8gb-ssd-256-ips-full-hd-win-10-ssd-128gb,,,,,,,,,,,,,,,,,,,,,,failed after retries
https://www.tokopedia.com/specialistlaptop/laptop-lenovo-thinkpad-t470s-core-i5-ram-8gb-ssd-128gb-win-10-ssd-256gb-8-gb-9a880,,,,,,,,,,,,,,,,,,,,,,failed after retries
https://www.tokopedia.com/specialistlaptop/laptop-lenovo-thinkpad-t470s-core-i7-7th-gen-ram-12gb-ssd-512-fhd-ips-touch-8gb-256gb,,,,,,,,,,,,,,,,,,,,,,failed after retries
https://www.tokopedia.com/specialistlaptop/laptop-lenovo-thinkpad-t480-core-i5-8th-gen-ram-8gb-win-ori-fhd-murah-non-touch-256gb-8-gb,,,,,,,,,,,,,,,,,,,,,,failed after retries
https://www.tokopedia.com/specialistlaptop/laptop-lenovo-thinkpad-t480-core-i7-8th-gen-ram-16gb-ssd-512-fhd-ips-ssd-256gb-8-gb-13f23,,,,,,,,,,,,,,,,,,,,,,failed after retries
https://www.tokopedia.com/specialistlaptop/laptop-lenovo-thinkpad-t480s-core-i7-8th-gen-ram-16gb-ssd-touchscreen-1731728721558275518,,,,,,,,,,,,,,,,,,,,,,failed after retries
https://www.tokopedia.com/specialistlaptop/laptop-lenovo-thinkpad-t490-core-i5-gen8-ram-8gb-ssd-256gb-fhd-ips-ssd-256gb-16-gb-fe195,,,,,,,,,,,,,,,,,,,,,,failed after retries
https://www.tokopedia.com/specialistlaptop/laptop-lenovo-thinkpad-t490-core-i7-8th-gen-ram-16gb-ssd-512-fhd-ips-ssd-256gb-16-gb-98043,,,,,,,,,,,,,,,,,,,,,,failed after retries
https://www.tokopedia.com/specialistlaptop/laptop-lenovo-thinkpad-t490s-core-i5-8th-gen-ram-16gb-ssd-touchscreen-ssd-nvme-256-16-gb-d78ad,,,,,,,,,,,,,,,,,,,,,,failed after retries
https://www.tokopedia.com/specialistlaptop/laptop-lenovo-thinkpad-t495-amd-ryzen-5-3500u-ram-16gb-ssd-256-fhd-ips-1732201293665437118,,,,,,,,,,,,,,,,,,,,,,failed after retries
https://www.tokopedia.com/specialistlaptop/laptop-lenovo-thinkpad-t495-amd-ryzen-7-3700u-ram-16gb-ssd-512-fhd-ips-ssd-512gb-16-gb-fb559,,,,,,,,,,,,,,,,,,,,,,failed after retries
https://www.tokopedia.com/specialistlaptop/laptop-lenovo-thinkpad-t510-core-i7-ram-8gb-ssd-murah-mulus-dvd-win-10-hdd-320gb-4-gb,,,,,,,,,,,,,,,,,,,,,,failed after retries
https://www.tokopedia.com/specialistlaptop/laptop-lenovo-thinkpad-t540p-corei7-4800mq-ram-8gb-nvidia-1gb-full-hd-harddisk-500gb,,,,,,,,,,,,,,,,,,,,,,failed after retries
https://www.tokopedia.com/specialistlaptop/laptop-lenovo-thinkpad-t580-core-i7-8650u-8gb-ssd-256-full-hd-ips-gan-ssd-nvme-256gb-16-gb,,,,,,,,,,,,,,,,,,,,,,failed after retries
https://www.tokopedia.com/specialistlaptop/laptop-lenovo-thinkpad-w540-core-i7-ram-8gb-vga-2gb-ssd-128-hdd-500-8-gb,,,,,,,,,,,,,,,,,,,,,,failed after retries
https://www.tokopedia.com/specialistlaptop/laptop-lenovo-thinkpad-x1-carbon-10th-core-i7-gen12-ram-32gb-nvme-256gb-fhd-ips-touchscreen-1735659098135299518,,,,,,,,,,,,,,,,,,,,,,failed after retries
https://www.tokopedia.com/specialistlaptop/laptop-lenovo-thinkpad-x1-carbon-8th-core-i7-gen-10-ram-16-ssd-nvme-1tb-fhd-ips-win-11-original-1731343901455714157,,,,,,,,,,,,,,,,,,,,,,failed after retries
https://www.tokopedia.com/specialistlaptop/laptop-lenovo-thinkpad-x1-carbon-core-i5-7th-gen-ssd-256-fhd-ips-win10-ssd-256gb,,,,,,,,,,,,,,,,,,,,,,failed after retries
https://www.tokopedia.com/specialistlaptop/laptop-lenovo-thinkpad-x1-carbon-core-i5-8th-gen-ram-16gb-ssd-ips-slim-nvme-256gb-8-gb-a2a87,,,,,,,,,,,,,,,,,,,,,,failed after retries
https://www.tokopedia.com/specialistlaptop/laptop-lenovo-thinkpad-x1-carbon-core-i7-5600u-ram-8gb-ssd-512gb-touch-non-touch-256gb-2d705,,,,,,,,,,,,,,,,,,,,,,failed after retries
https://www.tokopedia.com/specialistlaptop/laptop-lenovo-thinkpad-x1-carbon-core-i7-7th-gen-ssd-256-fhd-ips-win10,,,,,,,,,,,,,,,,,,,,,,failed after retries
https://www.tokopedia.com/specialistlaptop/laptop-lenovo-thinkpad-x1-extreme-core-i7-8750h-ram-16gb-nvidia-gtx-ram-16-nvme-512,,,,,,,,,,,,,,,,,,,,,,failed after retries
https://www.tokopedia.com/specialistlaptop/laptop-lenovo-thinkpad-x1-yoga-1st-core-i7-ram-8gb-ssd-256gb-touchscreen-fhd-ips-pen-stylus-1731369665968310125,,,,,,,,,,,,,,,,,,,,,,failed after retries
https://www.tokopedia.com/specialistlaptop/laptop-lenovo-thinkpad-x1-yoga-2nd-core-i5-7th-gen-ram-8gb-ssd-256-ori-ssd-256gb-8-gb,,,,,,,,,,,,,,,,,,,,,,failed after retries
https://www.tokopedia.com/specialistlaptop/laptop-lenovo-thinkpad-x1-yoga-2nd-core-i7-7th-gen-ram-16gb-ssd-win-10-ssd-256gb,,,,,,,,,,,,,,,,,,,,,,failed after retries
https://www.tokopedia.com/specialistlaptop/laptop-lenovo-thinkpad-x1-yoga-3rd-core-i7-8th-gen-ram-16gb-ssd-win-10-x1-yoga-core-i7-ram-16-nvme-256,,,,,,,,,,,,,,,,,,,,,,failed after retries
https://www.tokopedia.com/specialistlaptop/laptop-lenovo-thinkpad-x1-yoga-6th-core-i7-gen-11-ram-16gb-ssd-nvme-512-fhd-ips-touchscreen-pen-stylus-windows-11-original-1732294696304543166,,,,,,,,,,,,,,,,,,,,,,failed after retries
https://www.tokopedia.com/specialistlaptop/laptop-lenovo-thinkpad-x13-core-i5-gen-10-ram-16gb-ssd-512-full-hd-ips-ssd-128gb-8d800,,,,,,,,,,,,,,,,,,,,,,failed after retries
https://www.tokopedia.com/specialistlaptop/laptop-lenovo-thinkpad-x13-yoga-2nd-core-i5-11th-gen-ssd-512-touch-pen-1734012246434743742,,,,,,,,,,,,,,,,,,,,,,failed after retries
https://www.tokopedia.com/specialistlaptop/laptop-lenovo-thinkpad-x13-yoga-2nd-core-i7-gen-11-ram-32gb-ssd-nvme-512-fhd-ips-touchscreen-pen-stylus-windows-11-original-1733842560897287614,,,,,,,,,,,,,,,,,,,,,,failed after retries
https://www.tokopedia.com/specialistlaptop/laptop-lenovo-thinkpad-x240-core-i5-8gb-ssd-180gb-murah-garansi-ssd-128gb-4-gb,,,,,,,,,,,,,,,,,,,,,,failed after retries
https://www.tokopedia.com/specialistlaptop/laptop-lenovo-thinkpad-x240-core-i7-ssd-128-500gb-hdd-murah-win-10-ssd-256gb-only,,,,,,,,,,,,,,,,,,,,,,failed after retries
https://www.tokopedia.com/specialistlaptop/laptop-lenovo-thinkpad-x240-corei5-4200u-4gbgb-murah-gan-bergaransi,,,,,,,,,,,,,,,,,,,,,,failed after retries
https://www.tokopedia.com/specialistlaptop/laptop-lenovo-thinkpad-x240-corei5-4300u-4gb-500gb-good-battery,,,,,,,,,,,,,,,,,,,,,,failed after retries
https://www.tokopedia.com/specialistlaptop/laptop-lenovo-thinkpad-x260-core-i5-gen6-8gb-win-10-slim-murah-ssd-128gb,,,,,,,,,,,,,,,,,,,,,,failed after retries
https://www.tokopedia.com/specialistlaptop/laptop-lenovo-thinkpad-x270-core-i5-6300u-8gb-ssd-256-win-10-x270-i5-gen-6-ram-8-ssd-128,,,,,,,,,,,,,,,,,,,,,,failed after retries
https://www.tokopedia.com/specialistlaptop/laptop-lenovo-thinkpad-x270-core-i7-6600u-ram-16gb-ssd-win-10-slim-ssd-128gb,Laptop Lenovo Thinkpad X270 Core i7 6600u RAM 16GB SSD Win 10 Slim - SSD 128GB,3850000,50,5,Lenovo,Intel Core i7 6600u,Intel Core i7 6600u @ 2,16,SSD 128GB - 256GB - SSD 512GB ( FAST BO,128,SSD,No,12,1366 x 768,,No,,Integrated,,2,Used,
https://www.tokopedia.com/specialistlaptop/laptop-lenovo-thinkpad-x270-core-i7-7th-gen-ram-8gb-ssd-256-mulus-slim-x270-i7-gen-6-ram-16-ssd-128,"Laptop Lenovo Thinkpad X270 Core i7 7th Gen RAM 8GB SSD 256 Mulus Slim - X270 i7 Gen 6, RAM 16 SSD 128",3899000,30,4.6,Lenovo,Intel Core i7 6600u,Intel Core i7 6600u @ 2,16,SSD 128GB - 256GB - SSD 512GB ( FAST BO,128,SSD,No,12,1366 x 768,,No,,Integrated,,2,Used,
https://www.tokopedia.com/specialistlaptop/laptop-lenovo-thinkpad-x270-core-i7-ram-8gb-ssd-256-full-hd-ips-murah,Laptop Lenovo Thinkpad X270 Core i7 RAM 8GB SSD 256 Full HD IPS Murah,5500000,6,5,Lenovo,i7 6600u,Intel Core i7 6600u 2.60 GHz up to 2.80 GHz RAM 8GB D,8,SSD 256GB * Fast booting * WEBCAM VGA i,256,SSD,No,12.5,1920x1080,IPS,No,,Integrated,,2,Used,
https://www.tokopedia.com/specialistlaptop/laptop-lenovo-thinkpad-x280-core-i5-gen-8-ram-8gb-ssd-fhd-ips-win-10-ssd-128gb,Laptop Lenovo Thinkpad X280 Core i5 Gen 8 RAM 8GB SSD FHD IPS Win 10 - SSD 128GB,2600000,250,5,Lenovo,i5 8350u,Intel Core i5 8350u 1.70 GHz ( 8 Core ) -Memory DDR4,8,SSD 128GB / 256GB / 512GB ( FAST BOOTIN,128,SSD,No,12.5,1367x768,,No,,Integrated,,2,Used,
https://www.tokopedia.com/specialistlaptop/laptop-lenovo-thinkpad-x380-yoga-core-i7-8650u-ram-16gb-ssd-512-murah-16gb-ssd-256gb,Laptop Lenovo Thinkpad X380 YOGA Core i7 8650u RAM 16GB SSD 512 Murah - 16GB SSD 256GB,4799000,30,5,Lenovo,,,16,SSD 256GB ● VGA Intel UHD Graphics 620,256,SSD,No,13.3,1920 x 1080,,Yes,,Integrated,,2,Used,
https://www.tokopedia.com/specialistlaptop/laptop-lenovo-thinkpad-x390-core-i7-8th-gen-ram-16gb-ssd-win-10-ips-ssd-256gb,Laptop Lenovo Thinkpad X390 Core i7 8th Gen RAM 16GB SSD Win 10 IPS - SSD 256GB,4999000,30,5,Lenovo,i7 8565u,INTEL CORE i7 8565u 1.80 GHz (GEN 8) - RAM 16GB DDR4,16,SSD NVME 256GB * Fast Booting * - SUDAH TERI,256,SSD,Yes,3,1920x1080,IPS,No,Intel HD Graphics 620,Integrated,WINDOWS 10,2,Used,
https://www.tokopedia.com/specialistlaptop/laptop-lenovo-thinkpad-yoga-11e-intel-core-m3-gen-8-ram-8gb-ssd-256gb-touchscreen-ips-win-11-original,Laptop Lenovo Thinkpad Yoga 11e intel core M3 Gen 8 RAM 8GB SSD 256GB Touchscreen IPS Win 11 Original,2050000,22,5,Lenovo,,,8,SSD 256GB ✓ Layar 11.6 Inch Touchscreen,256,SSD,No,11.6,HD,IPS,Yes,,Integrated,Windows 11 Pro,2,Used,
https://www.tokopedia.com/specialistlaptop/laptop-lenovo-thinkpad-yoga-300e-intel-pentium-silver-n5000-ram-4gb-ssd-128-touchscreen-ips-win-10-original,Laptop Lenovo Thinkpad Yoga 300e intel Pentium Silver N5000 RAM 4GB SSD 128 Touchscreen IPS Win 10 Original,1550000,15,5,Lenovo,,,4,SSD 128GB ✓ Layar 11.6 Inch Touchscreen,128,SSD,No,11.6,HD,IPS,Yes,,Integrated,Windows 10 Pro,1,Used,
https://www.tokopedia.com/specialistlaptop/laptop-lenovo-thinkpad-yoga-l380-core-i7-8th-gen-ram-16-ssd-ips-win-10-ssd-256gb-8-gb,"Laptop Lenovo Thinkpad Yoga L380 Core i7 8th Gen RAM 16 SSD IPS Win 10 - SSD 256GB, 8 gb",3499000,30,4.8,Lenovo,,,8,,,SSD,No,,HD,,No,,Integrated,windows 10,,Used,
https://www.tokopedia.com/specialistlaptop/laptop-lenovo-thinkpad-yoga-s1-core-i5-8gb-ips-full-hd-touchscreen,Laptop Lenovo Thinkpad Yoga S1 Core i5 8GB IPS Full HD Touchscreen,3500000,22,5,Lenovo,,,8,SSD 128 GB“ Fast Boot “ VGA INTEL HD 440,128,SSD,No,13.3,1920x1080,IPS,Yes,,Integrated,,2,Used,
https://www.tokopedia.com/specialistlaptop/laptop-lenovo-x1-carbon-10th-core-i5-gen12-ram-16gb-ssd-nvme-512gb-touchscreen-fhd-ips-murah-garansi-1734704910368867774-1734705082874299838,Laptop Lenovo X1 Carbon 10th Core i5 Gen12 RAM 16GB SSD NVME 512GB Touchscreen FHD IPS Murah Garansi - SSD 256GB,7999000,13,5,Lenovo,i5 generasi ke-12,Intel Core i5 | Layar 14”FHD | Laptop Bisnis Premium,16,512GB,512,SSD,Yes,,1920x1080,IPS,Yes,,Integrated,,,Used,
https://www.tokopedia.com/specialistlaptop/laptop-lenovo-x1-carbon-core-i5-4300u-ram-8gb-ssd-128-touchbar-murah-ram-4gb-ssd-256,Laptop Lenovo X1 Carbon Core i5 4300u RAM 8GB SSD 128 Touchbar Murah - RAM 4GB SSD 256,3999000,1,,Lenovo,,,4,SSD 256GB Fast Booting VGA INTEL HD GRA,256,SSD,No,,1600x900,,No,,Integrated,,2,Used,
https://www.tokopedia.com/specialistlaptop/laptop-lenovo-x1-carbon-core-i5-5300u-ssd-240gb-8gb-full-hd-murah-8gb-ssd-128gb,Laptop Lenovo X1 Carbon Core i5 5300u SSD 240GB 8GB Full HD Murah - 8GB SSD 128GB,4750000,11,5,Lenovo,i5 5300u,Intel Core i5 5300u 2.30 GHz Haswell RAM 8GB DDR3 SSD,8,SSD 128GB / 256GB Fast Booting ( Varian,128,SSD,No,,1920x1080,IPS,No,,Integrated,,2,Used,
https://www.tokopedia.com/specialistlaptop/laptop-lenovo-x1-carbon-core-i5-6200u-ram-8gb-ssd-256-murah-slim-ssd-128gb,Laptop Lenovo X1 Carbon Core i5 6200u - RAM 8GB - SSD 256 - Murah Slim - SSD 128GB,3599000,60,4.9,Lenovo,,,8,SSD 128GB - 512GB “Fast Booting” VGA IN,128,SSD,No,,1920x1080,IPS,No,,Integrated,,2,Used,
https://www.tokopedia.com/specialistlaptop/laptop-lenovo-x1-carbon-core-i5-ssd-128-ram-4gb-touchscreen-murah,Laptop Lenovo X1 Carbon Core i5 SSD 128 RAM 4GB Touchscreen Murah,4499000,18,4.9,Lenovo,,,4,SSD 128GB Fast Booting VGA INTEL HD GRA,128,SSD,No,,1600x900,,Yes,,Integrated,,2,Used,
https://www.tokopedia.com/specialistlaptop/laptop-lenovo-x1-carbon-core-i7-ram-8gb-ssd-256-touchscreen-murah-slim-non-touchscreen,Laptop Lenovo X1 Carbon Core i7 RAM 8GB SSD 256 Touchscreen Murah Slim - NON Touchscreen,3899000,12,5,Lenovo,,,8,SSD 256GB Fast Booting VGA INTEL HD 440,256,SSD,No,,1600x900,,No,,Integrated,,2,Used,
https://www.tokopedia.com/specialistlaptop/laptop-lenovo-x260-core-i7-6600u-8gb-ssd-180-ips-screen-win-10-murah-ssd-512gb,,,,,,,,,,,,,,,,,,,,,,failed after retries
https://www.tokopedia.com/specialistlaptop/laptop-lenovo-yoga-730-15-core-i7-8550u-ram-16gb-nvme-nvidia-gtx-1050-nvme-256gb-0ef9f,,,,,,,,,,,,,,,,,,,,,,failed after retries
https://www.tokopedia.com/specialistlaptop/laptop-lenovo-yoga-x370-core-i5-7300u-ram-8gb-ssd-512-touch-pen-murah-ssd-256gb,,,,,,,,,,,,,,,,,,,,,,failed after retries
https://www.tokopedia.com/specialistlaptop/laptop-microsoft-surface-pro-7-plus-7-core-i7-11th-ram-16gb-ssd-512,,,,,,,,,,,,,,,,,,,,,,failed after retries
https://www.tokopedia.com/specialistlaptop/laptop-murah-dell-latitude-3160-intel-4gb-ssd-128-win-10-mulus-ssd-128gb,,,,,,,,,,,,,,,,,,,,,,failed after retries
https://www.tokopedia.com/specialistlaptop/laptop-murah-dell-latitude-7290-core-i5-8th-gen-ram-8gb-ssd-win-10-ori-ssd-128gb-8-gb,,,,,,,,,,,,,,,,,,,,,,failed after retries
https://www.tokopedia.com/specialistlaptop/laptop-murah-dell-latitude-7290-core-i7-8th-gen-ram-16gb-ssd-256-slim-256gb-80935,,,,,,,,,,,,,,,,,,,,,,failed after retries
https://www.tokopedia.com/specialistlaptop/laptop-murah-dell-latitude-e7240-core-i7-8gb-ssd-256-win10-camera-slim-ssd-128gb,,,,,,,,,,,,,,,,,,,,,,failed after retries
https://www.tokopedia.com/specialistlaptop/laptop-murah-dell-latitude-e7250-i7-5600u-8gb-128gb-ssd-mulus-ssd-128gb,,,,,,,,,,,,,,,,,,,,,,failed after retries
https://www.tokopedia.com/specialistlaptop/laptop-murah-dell-latitude-e7440-core-i5-8gb-ssd-128-win-10-ssd-128gb,,,,,,,,,,,,,,,,,,,,,,failed after retries
https://www.tokopedia.com/specialistlaptop/laptop-murah-fujitsu-lifebook-e558-core-i5-8th-gen-ssd-256gb-fhd-ips-8-gb-df51a,,,,,,,,,,,,,,,,,,,,,,failed after retries
https://www.tokopedia.com/specialistlaptop/laptop-murah-lenovo-mix-520-2in1-core-i5-gen8-ram-8gb-ssd-touch-win-10,,,,,,,,,,,,,,,,,,,,,,failed after retries
https://www.tokopedia.com/specialistlaptop/laptop-murah-toshiba-portege-core-i5-5300u-ssd-256gb-ram-8gb-layar-ips-ram-8gb-ssd-128,,,,,,,,,,,,,,,,,,,,,,failed after retries
https://www.tokopedia.com/specialistlaptop/laptop-murah-toshiba-portege-z40b-core-i5-5200u-8gb-ssd-128-slim-win10-8gb-ssd-128gb,,,,,,,,,,,,,,,,,,,,,,failed after retries
https://www.tokopedia.com/specialistlaptop/laptop-murah-toshiba-z30b-core-i5-gen5-8gb-ssd-128-win-10-slim,,,,,,,,,,,,,,,,,,,,,,failed after retries
https://www.tokopedia.com/specialistlaptop/laptop-panasonic-cf-mx3-core-i5-4310u-ram-4gb-ssd-128-full-hd-ips-hdmi-ssd-512gb,,,,,,,,,,,,,,,,,,,,,,failed after retries
https://www.tokopedia.com/specialistlaptop/laptop-tablet-dell-latitude-5289-core-i5-7300u-ssd-256-touchscreen-ssd-256gb,,,,,,,,,,,,,,,,,,,,,,failed after retries
https://www.tokopedia.com/specialistlaptop/laptop-thinkpad-e560-core-core-i5-core-i7-ram-16gb-ssd-256gb-murah-mulus-windows-original-ssd-128gb-8-gb-38602,,,,,,,,,,,,,,,,,,,,,,failed after retries
https://www.tokopedia.com/specialistlaptop/laptop-thinkpad-edge-15-core-i5-ram-4gb-ssd-128gb-hdmi-dvd-win-10-harddisk-320gb,,,,,,,,,,,,,,,,,,,,,,failed after retries
https://www.tokopedia.com/specialistlaptop/laptop-thinkpad-t14s-ryzen-7-second-ram-16gb-ssd-tipis-ringan-bergaransi-fhd-ips-1732544983827711422,,,,,,,,,,,,,,,,,,,,,,failed after retries
https://www.tokopedia.com/specialistlaptop/laptop-thinkpad-x1-carbon-9th-core-i5-i7-gen-11-ram-16-ssd-nvme-1tb-fhd-ips-win-11-original-touchscreen-windows-1731604999327417790,,,,,,,,,,,,,,,,,,,,,,failed after retries
https://www.tokopedia.com/specialistlaptop/laptop-thinkpad-x1-carbon-9th-core-i7-gen-11-ram-32gb-ssd-nvme-1tb-fhd-ips-win-11-original-1734012027493713342,,,,,,,,,,,,,,,,,,,,,,failed after retries
https://www.tokopedia.com/specialistlaptop/laptop-thinkpad-x1-tablet-3rd-core-i5-8350u-ram-8gb-nvme-256gb-qhd,,,,,,,,,,,,,,,,,,,,,,failed after retries
https://www.tokopedia.com/specialistlaptop/laptop-thinkpad-x1-yoga-5th-core-i5-gen-10-ram-16gb-ssd-256-touchscreen-full-hd-ips-murah-garansi-1731991786242803134,,,,,,,,,,,,,,,,,,,,,,failed after retries
https://www.tokopedia.com/specialistlaptop/laptop-toshiba-dynabook-a30e-core-i5-gen-8-ram-8gb-ssd-fhd-ips-slim,,,,,,,,,,,,,,,,,,,,,,failed after retries
https://www.tokopedia.com/specialistlaptop/laptop-toshiba-dynabook-r64-core-i5-ram-8gb-ssd-128-fhd-ips-win-10-ori-ssd-128gb,,,,,,,,,,,,,,,,,,,,,,failed after retries
https://www.tokopedia.com/specialistlaptop/laptop-toshiba-portege-r30-core-i5-4210m-4gb-500gb-super-mulus-hdd-320gb,,,,,,,,,,,,,,,,,,,,,,failed after retries
https://www.tokopedia.com/specialistlaptop/laptop-toshiba-portege-x30e-core-i7-8th-gen-ram-16gb-ssd-touchscreen-ssd-256gb,,,,,,,,,,,,,,,,,,,,,,failed after retries
https://www.tokopedia.com/specialistlaptop/laptop-toshiba-portege-z30a-core-i5-4300u-8gb-ssd-256gb-win-10-murah-8gb-ssd-128gb,,,,,,,,,,,,,,,,,,,,,,failed after retries
https://www.tokopedia.com/specialistlaptop/laptop-toshiba-tecra-a40-c-core-i5-6th-gen-ssd-256-murah-slim-win-10-4-gb,,,,,,,,,,,,,,,,,,,,,,failed after retries
https://www.tokopedia.com/specialistlaptop/laptop-ultrabook-toshiba-z30a-core-i7-gen4-8gb-ssd-256-murah,,,,,,,,,,,,,,,,,,,,,,failed after retries
https://www.tokopedia.com/specialistlaptop/lcd-paketan-pak-david,,,,,,,,,,,,,,,,,,,,,,failed after retries
https://www.tokopedia.com/specialistlaptop/lenovo-thinkpad-e580-core-i5-ram-16gb-ssd-512gb-harga-terjangkau-windows-original-laptop-1731706459890681278,,,,,,,,,,,,,,,,,,,,,,failed after retries
https://www.tokopedia.com/specialistlaptop/lenovo-thinkpad-t14s-core-i5-gen-10-ssd-256gb-ram-8gb-ddr4-fulls-hd-ips-keyboard-us-murah-garansi-1734610254339671486,,,,,,,,,,,,,,,,,,,,,,failed after retries
https://www.tokopedia.com/specialistlaptop/lenovo-thinkpad-x1-carbon-core-i7-8th-gen-ram-16gb-ssd-touchscreen-ips-x1-i5-non-touch-ram-16-ssd-256-da5e0,,,,,,,,,,,,,,,,,,,,,,failed after retries
https://www.tokopedia.com/specialistlaptop/lenovo-thinkpad-x1-yoga-3rd-core-i5-8th-gen-ram-8gb-ssd-touchscreen-1730770373266278253,,,,,,,,,,,,,,,,,,,,,,failed after retries
https://www.tokopedia.com/specialistlaptop/lenovo-thinkpad-x13-yoga-core-i7-gen10-ssd-512gb-laptop-convertible-touchscreen-garansi-1732356066792342974,,,,,,,,,,,,,,,,,,,,,,failed after retries
https://www.tokopedia.com/specialistlaptop/lenovo-thinkpad-x230-corei7-4gb-500gb-good-battery-murah,,,,,,,,,,,,,,,,,,,,,,failed after retries
https://www.tokopedia.com/specialistlaptop/macbook-air-13-2013-md760-core-i5-ram-4gb-ssd-128-murah-mulus-like-new,,,,,,,,,,,,,,,,,,,,,,failed after retries
https://www.tokopedia.com/specialistlaptop/macbook-air-2013-md711-core-i5-ram-4gb-ssd-128gb-11-inch-murah-mulus,,,,,,,,,,,,,,,,,,,,,,failed after retries
https://www.tokopedia.com/specialistlaptop/macbook-air-2015-11-inch-mjvm2-core-i5-ram-4gb-ssd-128gb-murah-mulus,,,,,,,,,,,,,,,,,,,,,,failed after retries
https://www.tokopedia.com/specialistlaptop/macbook-air-2015-mjve2-core-i5-ram-8gb-ssd-128-mulus-murah-original-4-gb,,,,,,,,,,,,,,,,,,,,,,failed after retries
https://www.tokopedia.com/specialistlaptop/macbook-pro-13-2011-mc700-core-i5-4gb-ssd-128-murah-mulus-gan-ssd-128gb,,,,,,,,,,,,,,,,,,,,,,failed after retries
https://www.tokopedia.com/specialistlaptop/macbook-pro-13-2012-md101-corei5-2-5-ssd-128-4gb-mulus-murah-gan,,,,,,,,,,,,,,,,,,,,,,failed after retries
https://www.tokopedia.com/specialistlaptop/macbook-pro-13-2012-md102-core-i7-2-9-ghz-8gb-750gb-murah-mulus,,,,,,,,,,,,,,,,,,,,,,failed after retries
https://www.tokopedia.com/specialistlaptop/macbook-pro-13-2017-core-i5-ram-8gb-ssd-128-murah-mulus-garansi,,,,,,,,,,,,,,,,,,,,,,failed after retries
https://www.tokopedia.com/specialistlaptop/macbook-pro-13-mc700-2011-core-i7-8gb-murah-mulus-garansi-4-gb,,,,,,,,,,,,,,,,,,,,,,failed after retries
https://www.tokopedia.com/specialistlaptop/macbook-pro-13-retina-2013-me864-core-i5-ram-8gb-ssd-128gb-murah-mulus-4gb-ssd-128gb,,,,,,,,,,,,,,,,,,,,,,failed after retries
https://www.tokopedia.com/specialistlaptop/macbook-pro-13-retina-2015-mf839-core-i5-ram-8gb-ssd-128gb-murah-mulus-mf839-8gb-128,,,,,,,,,,,,,,,,,,,,,,failed after retries
https://www.tokopedia.com/specialistlaptop/macbook-pro-15-2017-touchbar-core-i7-ram-16gb-ssd-512-amd-radeon-dual-vga-ssd-250gb-79c8b,,,,,,,,,,,,,,,,,,,,,,failed after retries
https://www.tokopedia.com/specialistlaptop/macbook-pro-15-2018-touchbar-core-i7-ram-16gb-ssd-512-amd-radeon-4gb-ssd-256gb-16-gb-f96a5,,,,,,,,,,,,,,,,,,,,,,failed after retries
https://www.tokopedia.com/specialistlaptop/macbook-pro-16-2019-touchbar-core-i7-ram-16gb-ssd-512-amd-radeon-4gb,,,,,,,,,,,,,,,,,,,,,,failed after retries
https://www.tokopedia.com/specialistlaptop/macbook-pro-retina-15-2013-core-i7-8gb-ssd-256-nvidia-mulus-like-new,,,,,,,,,,,,,,,,,,,,,,failed after retries
https://www.tokopedia.com/specialistlaptop/memory-ram-sodim-8gb-ddr3l-untuk-laptop-dan-mini-pc,,,,,,,,,,,,,,,,,,,,,,failed after retries
https://www.tokopedia.com/specialistlaptop/mezastar-pokemon-original-tag-bintang-4-5-6-harga-murah-1734922363540637118-1734922599047529918,,,,,,,,,,,,,,,,,,,,,,failed after retries
https://www.tokopedia.com/specialistlaptop/microsoft-surface-laptop-3-core-i7-10th-gen-ram-16gb-ssd-256-qhd-touch,,,,,,,,,,,,,,,,,,,,,,failed after retries
https://www.tokopedia.com/specialistlaptop/mini-pc-dell-optiplex-7050-usff-core-i7-7th-gen-ram-8gb-ssd-256-murah-ram-32gb-ssd256-9db97,,,,,,,,,,,,,,,,,,,,,,failed after retries
https://www.tokopedia.com/specialistlaptop/mini-pc-hp-elitedesk-800-g1-core-i5-4670s-8gb-500gb-dvd-usb-3-0-murah-harddisk-500gb,,,,,,,,,,,,,,,,,,,,,,failed after retries
https://www.tokopedia.com/specialistlaptop/murahhh-paket-komputer-bekas-brand-hp-core2duo-lcd-17-siap-pakai,,,,,,,,,,,,,,,,,,,,,,failed after retries
https://www.tokopedia.com/specialistlaptop/obral-harddisk-pc-250gb-sata-seagate-new-ready-stock-gan,,,,,,,,,,,,,,,,,,,,,,failed after retries
https://www.tokopedia.com/specialistlaptop/obral-laptop-dell-e6320-corei5-2520m-mulus-murah-original,,,,,,,,,,,,,,,,,,,,,,failed after retries
https://www.tokopedia.com/specialistlaptop/obral-laptop-dell-latitude-e4310-corei5-4gb-slim-elegan-murah,,,,,,,,,,,,,,,,,,,,,,failed after retries
https://www.tokopedia.com/specialistlaptop/obral-laptop-dell-vostro-slim-corei5-2450m-4gb-slim-elegan-gan,,,,,,,,,,,,,,,,,,,,,,failed after retries
https://www.tokopedia.com/specialistlaptop/obral-laptop-hp-elitebook-2540p-corei7-4gb-ssd-256gb-murah-aja-ssd-256gb-habis,,,,,,,,,,,,,,,,,,,,,,failed after retries
https://www.tokopedia.com/specialistlaptop/obral-laptop-lenovo-thinkpad-t410-corei5-mulus-dan-murah,,,,,,,,,,,,,,,,,,,,,,failed after retries
https://www.tokopedia.com/specialistlaptop/obral-laptop-lenovo-thinkpad-t420-corei5-4gb-500gb-murmer-aja-hdd-320gb,Obral Laptop Lenovo Thinkpad T420 / Corei5 / 4gb / 500gb/ Murmer aja - HDD 320GB,2350000,30,4.6,Lenovo,,,4,SSD 128GB Lenovo Thinkpad T420: Corei5,128,SSD,No,14,HD,,No,,Integrated,,2,Used,
https://www.tokopedia.com/specialistlaptop/obral-laptop-lenovo-thinkpad-x240-corei5-4gb-320gb-double-baterai-gan-1,OBral Laptop Lenovo Thinkpad X240 Corei5 4GB 320GB Double Baterai Gan,2950000,24,5,Lenovo,,,4,,,,No,,HD,,No,,Integrated,,,Used,
https://www.tokopedia.com/specialistlaptop/obral-laptop-lenovo-x220-corei5-murah-mulus-original-hdd-320gb,OBRAL LAPTOP LENOVO x220 / Corei5 / Murah . Mulus Original - HDD 320GB,2300000,90,4.7,Lenovo,,,4,,,,No,12.5,HD,,No,,Integrated,,2,Used,
https://www.tokopedia.com/specialistlaptop/obral-laptop-toshiba-dynabook-r930-corei5-3340m-4gb-murah-slim-ssd-128gb,OBRAL Laptop Toshiba DynaBook R930 / Corei5 3340M / 4GB / Murah Slim - SSD 128GB,990000,100,4.9,Toshiba,,,4,,,SSD,No,,HD,,No,,Integrated,,1,Used,
https://www.tokopedia.com/specialistlaptop/obral-mini-pc-acer-veriton-core-i5-gen3-4gb-250gb-low-watt-murah,OBRAL Mini Pc Acer Veriton Core i5 Gen3 - 4GB - 250GB - Low Watt Murah,2747000,50,5,Acer,,,4,,,,No,,,,No,,Integrated,,,Used,
https://www.tokopedia.com/specialistlaptop/obral-mini-pc-lenovo-m90p-corei5-4gb-low-watt-murah-mulus,Obral Mini Pc Lenovo M90p / Corei5 / 4GB / Low Watt / Murah Mulus,1750000,2,,Lenovo,,,4,,,,No,,HD,,No,,Integrated,,,Used,
https://www.tokopedia.com/specialistlaptop/obral-mini-pc-lenovo-m93p-corei5-4570t-barang-like-new-murmer-harddisk-320gb,OBRAL Mini Pc Lenovo M93P / Corei5 4570T / Barang Like New / MurMer - Harddisk 320GB,1299000,10,4.8,Lenovo,,,8,SSD 128GB - SSD 256GB “ Fast Booting “,128,SSD,No,,HD,,No,,Integrated,,,Used,
https://www.tokopedia.com/specialistlaptop/obral-pc-dekstop-hp-8100-corei5-4gb-harga-reseller-masih-mulus,Obral Pc Dekstop Hp 8100 / Corei5 / 4gb / Harga Reseller / Masih Mulus,1750000,40,4.8,Hp,,,4,,,,No,,Hd,,No,,Integrated,,,Used,
https://www.tokopedia.com/specialistlaptop/obral-pc-dekstop-lenovo-thinkcentre-m92p-i7-4gb-win-7-murah-8gb-ssd-256,OBRAL Pc Dekstop Lenovo ThinkCentre M92P - i7 - 4GB - Win 7 - Murah - 8GB SSD 256,4000000,30,4.9,Lenovo,,,8,SSD 240GB Dvd-RW VGA INTEL HD 4000 UDB,240,SSD,No,,HD,,No,,Integrated,,,Used,
https://www.tokopedia.com/specialistlaptop/obral-pc-dell-mini-optiplex-980-corei5-muriah-meriah-mulus,OBRAL PC DELL MINI Optiplex 980 Corei5 / Muriah Meriah / Mulus,2300000,100,4.5,Dell,,,4,,,,No,,,,No,,Integrated,,,Used,
https://www.tokopedia.com/specialistlaptop/obral-pc-dell-sff-optiplex-960-core2duo-muriah-meriah-dan-mulus,OBRAL PC DELL SFF Optiplex 960 Core2Duo / Muriah Meriah dan Mulus,985000,30,4.6,Dell,,,2,,,,No,,,,No,,Integrated,,,Used,
https://www.tokopedia.com/specialistlaptop/obral-pc-mini-dell-optiplex-7010-core-i5-4gb-320gb-win-7-murah,OBRAL Pc Mini Dell Optiplex 7010 - Core i5 - 4GB - 320GB - Win 7 Murah,2250000,18,4,Dell,,,4,,,,No,,HD,,No,,Integrated,,,Used,
https://www.tokopedia.com/specialistlaptop/obral-pc-mini-hp-elite-8200-corei3-2120-hdd-250gb-barang-langka,OBRAL Pc Mini Hp Elite 8200 / Corei3 2120 / Hdd 250GB / Barang Langka,1699000,23,5,Hp,,,4,,,,No,,HD,,No,,Integrated,,,Used,
https://www.tokopedia.com/specialistlaptop/obral-ram-pc-2gb-ddr3-murah-stock-terbatas,OBRAL RAM PC 2GB DDR3 / MURAH STOCK TERBATAS,300000,70,4.7,,,,,,,,No,,,,No,,Integrated,,,Used,
https://www.tokopedia.com/specialistlaptop/paket-komputer-bekas-murah-pc-mini-hp-core-i5-lcd-new-20-inch-samsun-lcd-20-samsung,,,,,,,,,,,,,,,,,,,,,,failed after retries
https://www.tokopedia.com/specialistlaptop/pc-dekstop-acer-veriton-s6610g-corei5-2400-4gb-500gb-win-7,,,,,,,,,,,,,,,,,,,,,,failed after retries
https://www.tokopedia.com/specialistlaptop/pc-mini-hp-elitedesk-800-g1-usff-i5-gen4-8gb-500gb-win-7-murah-garansi,,,,,,,,,,,,,,,,,,,,,,failed after retries
https://www.tokopedia.com/specialistlaptop/pc-mini-hp-pro-8200-corei5-4gb-250gb-dvd-win-7,,,,,,,,,,,,,,,,,,,,,,failed after retries
https://www.tokopedia.com/specialistlaptop/pc-server-hp-workstation-z420-e5-1602-32gb-vga-nvidia-quadro-1gb,,,,,,,,,,,,,,,,,,,,,,failed after retries
https://www.tokopedia.com/specialistlaptop/pesanan-khusus-dell-7480-core-i7-6600u-8gb-ssd-256-7480-i7-gen-7-ram-8-ssd-256,,,,,,,,,,,,,,,,,,,,,,failed after retries
https://www.tokopedia.com/specialistlaptop/pesanan-khusus-lenovo-thinkpad-t470s-core-i7-6th-gen-ram-8gb-ssd-256-ssd-128gb,,,,,,,,,,,,,,,,,,,,,,failed after retries
https://www.tokopedia.com/specialistlaptop/pesanan-khusus-lenovo-x240-core-i3-ram-4gb-ssd-128gb-win-10-ram-8gb-ssd-128,,,,,,,,,,,,,,,,,,,,,,failed after retries
https://www.tokopedia.com/specialistlaptop/pesanan-khusus-pc-lenovo-core-i5-gen-7-ram-8gb-ssd-256-win-10,,,,,,,,,,,,,,,,,,,,,,failed after retries
https://www.tokopedia.com/specialistlaptop/promo-laptop-bekas-dell-core2duo-2gb-160gb-dvd-murah-bagus-gan,,,,,,,,,,,,,,,,,,,,,,failed after retries
https://www.tokopedia.com/specialistlaptop/promo-laptop-bekas-hp-elitebook-9480m-core-i5-4310u-8gb-500gb-murah-hdd-500gb,,,,,,,,,,,,,,,,,,,,,,failed after retries
https://www.tokopedia.com/specialistlaptop/promo-laptop-bekas-toshiba-portege-z30a-core-i5-gen4-8gb-ssd-256-8gb-ssd-128gb,,,,,,,,,,,,,,,,,,,,,,failed after retries
https://www.tokopedia.com/specialistlaptop/promo-laptop-hp-elitebook-8470p-core-i7-ram-8gb-ssd-vga-amd-dvd-win-10-ssd-128gb,,,,,,,,,,,,,,,,,,,,,,failed after retries
https://www.tokopedia.com/specialistlaptop/promo-laptop-lenovo-thinkpad-l470-i5-gen5-8gb-ssd-256gb-garansi-gan,,,,,,,,,,,,,,,,,,,,,,failed after retries
https://www.tokopedia.com/specialistlaptop/promo-laptop-lenovo-thinkpad-t430s-core-i5-8gb-ssd-256-murah-gan-4gb-hdd-320gb,,,,,,,,,,,,,,,,,,,,,,failed after retries
https://www.tokopedia.com/specialistlaptop/promo-laptop-lenovo-x250-core-i5-5300u-ssd-256-8gb-murah-garansi-mulus-ram-8gb-hdd-500,,,,,,,,,,,,,,,,,,,,,,failed after retries
https://www.tokopedia.com/specialistlaptop/promo-pc-dell-optiplex-9010-sff-core-i7-3770-ram-8gb-ssd-win-10-4gb-ssd-128gb,,,,,,,,,,,,,,,,,,,,,,failed after retries
https://www.tokopedia.com/specialistlaptop/promo-pc-dell-optiplex-990-mini-sff-core-i7-2600-ram-8gb-ssd-dvd-win10-ram-4gb-ssd-128gb,,,,,,,,,,,,,,,,,,,,,,failed after retries
https://www.tokopedia.com/specialistlaptop/sale-laptop-dell-latitude-e5450-core-i5-gen5-8gb-ssd-128-murah-harddisk-500gb,,,,,,,,,,,,,,,,,,,,,,failed after retries
https://www.tokopedia.com/specialistlaptop/sale-laptop-lenovo-thinpad-x390-core-i5-8th-gen-ram-16gb-ssd-win10-ori-1730807656590706541,,,,,,,,,,,,,,,,,,,,,,failed after retries
https://www.tokopedia.com/specialistlaptop/sale-pc-dell-optiplex-9020-core-i7-4770-ram-8gb-ssd-256gb-dvd-win-10-ram-4gb-ssd-128gb,,,,,,,,,,,,,,,,,,,,,,failed after retries
https://www.tokopedia.com/specialistlaptop/ssd-m2-nvme-sata-256gb-m-2-nvme-256gb-copotan-laptop-thinkpad-laptop-dell-laptop-hp-original,,,,,,,,,,,,,,,,,,,,,,failed after retries
